section,producer_celltype_minor,spearman,mean_absolute_difference,spots,nnls_mean_residual,nnls_unknown_spots,dominant_component_agreement
1142243F,B cells Memory,0.02772883305404719,0.033111152552825915,4784,29.2502538639089,0,
1142243F,B cells Naive,0.03178171440209224,0.0365741402166942,4784,29.2502538639089,0,
1142243F,CAFs MSC iCAF-like,0.02259055765816478,0.03692201525027492,4784,29.2502538639089,0,
1142243F,CAFs myCAF-like,0.6943557596628614,0.15595861672720257,4784,29.2502538639089,0,
1142243F,Cancer Basal SC,0.5420418322501112,0.4671484015887869,4784,29.2502538639089,0,
1142243F,Cancer Cycling,0.5476803344285369,0.0555042435283229,4784,29.2502538639089,0,
1142243F,Cancer Her2 SC,0.014705202677333277,0.03690941470742619,4784,29.2502538639089,0,
1142243F,Cancer LumA SC,0.02385603723766741,0.039962403067226815,4784,29.2502538639089,0,
1142243F,Cancer LumB SC,0.35854699545756313,0.03527872345561994,4784,29.2502538639089,0,
1142243F,Cycling PVL,0.19500185255935923,0.10904702477707946,4784,29.2502538639089,0,
1142243F,Cycling T-cells,0.16162512436130438,0.030601103238305748,4784,29.2502538639089,0,
1142243F,Cycling_Myeloid,0.0741436047101495,0.05495325150024124,4784,29.2502538639089,0,
1142243F,DCs,0.08222260305085094,0.02954399442864946,4784,29.2502538639089,0,
1142243F,Endothelial ACKR1,0.021763784518152637,0.03881412910649011,4784,29.2502538639089,0,
1142243F,Endothelial CXCL12,0.10812470058625384,0.035015274654813015,4784,29.2502538639089,0,
1142243F,Endothelial Lymphatic LYVE1,0.08545342673971659,0.025953097888160383,4784,29.2502538639089,0,
1142243F,Endothelial RGS5,0.2707751811629685,0.023905652486984414,4784,29.2502538639089,0,
1142243F,Luminal Progenitors,0.5075741992189506,0.030553781931559124,4784,29.2502538639089,0,
1142243F,Macrophage,0.30480190947774843,0.033248147438833975,4784,29.2502538639089,0,
1142243F,Mature Luminal,,0.030866590949210723,4784,29.2502538639089,0,
1142243F,Monocyte,0.05659818645420317,0.03920075615873257,4784,29.2502538639089,0,
1142243F,Myoepithelial,0.4259531727208819,0.03299315777273067,4784,29.2502538639089,0,
1142243F,NK cells,0.014768023051889349,0.029738220504838587,4784,29.2502538639089,0,
1142243F,NKT cells,0.046702365769931725,0.03481927231268,4784,29.2502538639089,0,
1142243F,PVL Differentiated,0.04918211177274262,0.04017067726138529,4784,29.2502538639089,0,
1142243F,PVL Immature,0.00872679703208066,0.03491733896829697,4784,29.2502538639089,0,
1142243F,Plasmablasts,0.6484682268528376,0.027878951976198624,4784,29.2502538639089,0,
1142243F,T cells CD4+,0.012179163768656132,0.03995563229862114,4784,29.2502538639089,0,
1142243F,T cells CD8+,,0.03921817206057036,4784,29.2502538639089,0,
1142243F,__DOMINANT_COMPONENT_AGREEMENT__,,,4784,29.2502538639089,0,0.033235785953177256
1160920F,B cells Memory,0.04342664626793739,0.0386735469822557,4895,26.26594073608964,0,
1160920F,B cells Naive,0.08356835450086798,0.0359031244690657,4895,26.26594073608964,0,
1160920F,CAFs MSC iCAF-like,0.1111344991764715,0.039039014010066965,4895,26.26594073608964,0,
1160920F,CAFs myCAF-like,0.6397161540095647,0.06075650690844073,4895,26.26594073608964,0,
1160920F,Cancer Basal SC,0.7835152116526733,0.51038541942716,4895,26.26594073608964,0,
1160920F,Cancer Cycling,0.5150242476842622,0.029950049350784356,4895,26.26594073608964,0,
1160920F,Cancer Her2 SC,,0.03489146371247798,4895,26.26594073608964,0,
1160920F,Cancer LumA SC,0.10534197270334411,0.03758816796368807,4895,26.26594073608964,0,
1160920F,Cancer LumB SC,0.5025155534821546,0.02768275818165802,4895,26.26594073608964,0,
1160920F,Cycling PVL,0.20307371940703048,0.05118039677153227,4895,26.26594073608964,0,
1160920F,Cycling T-cells,0.3918833426311597,0.02326474718765779,4895,26.26594073608964,0,
1160920F,Cycling_Myeloid,0.2490554378594193,0.048118222952543796,4895,26.26594073608964,0,
1160920F,DCs,0.3109347120671447,0.02374176744148596,4895,26.26594073608964,0,
1160920F,Endothelial ACKR1,0.27636339360070733,0.04054632893759945,4895,26.26594073608964,0,
1160920F,Endothelial CXCL12,0.26196136842371537,0.034013110184730945,4895,26.26594073608964,0,
1160920F,Endothelial Lymphatic LYVE1,0.13926914885908298,0.025857264826682005,4895,26.26594073608964,0,
1160920F,Endothelial RGS5,0.2861097701985399,0.028844080748917585,4895,26.26594073608964,0,
1160920F,Luminal Progenitors,0.6529115832903652,0.023666068779324863,4895,26.26594073608964,0,
1160920F,Macrophage,0.4819509536386044,0.06746647899264821,4895,26.26594073608964,0,
1160920F,Mature Luminal,0.07665083933169047,0.031362182650083475,4895,26.26594073608964,0,
1160920F,Monocyte,0.017058712617869724,0.03623653949028387,4895,26.26594073608964,0,
1160920F,Myoepithelial,0.1129198857638121,0.03369147373594568,4895,26.26594073608964,0,
1160920F,NK cells,,0.03198519673401439,4895,26.26594073608964,0,
1160920F,NKT cells,0.044807404903554504,0.03513482934312029,4895,26.26594073608964,0,
1160920F,PVL Differentiated,0.10674558729649664,0.043663843676021996,4895,26.26594073608964,0,
1160920F,PVL Immature,0.024824637037716115,0.03549399015167039,4895,26.26594073608964,0,
1160920F,Plasmablasts,0.6616708081465589,0.06341597784452625,4895,26.26594073608964,0,
1160920F,T cells CD4+,-0.014426808520958378,0.037650512412358984,4895,26.26594073608964,0,
1160920F,T cells CD8+,0.007506022444714878,0.03818820603286267,4895,26.26594073608964,0,
1160920F,__DOMINANT_COMPONENT_AGREEMENT__,,,4895,26.26594073608964,0,0.0651685393258427
CID4290,B cells Memory,,0.036185149448641665,2426,26.59617558217223,0,
CID4290,B cells Naive,0.04164253412670774,0.03331986090858519,2426,26.59617558217223,0,
CID4290,CAFs MSC iCAF-like,0.04743022353107705,0.035858986837967385,2426,26.59617558217223,0,
CID4290,CAFs myCAF-like,0.7036861593202235,0.28591724269182367,2426,26.59617558217223,0,
CID4290,Cancer Basal SC,0.3674031579408067,0.036452445654305825,2426,26.59617558217223,0,
CID4290,Cancer Cycling,0.08523628855304285,0.041155324395848014,2426,26.59617558217223,0,
CID4290,Cancer Her2 SC,-0.007517613123195018,0.028200890818928077,2426,26.59617558217223,0,
CID4290,Cancer LumA SC,0.45578041056522933,0.5697334542615174,2426,26.59617558217223,0,
CID4290,Cancer LumB SC,0.2293934019811871,0.03393583695734422,2426,26.59617558217223,0,
CID4290,Cycling PVL,0.14539990187854485,0.00805647563809227,2426,26.59617558217223,0,
CID4290,Cycling T-cells,,0.030652145592207428,2426,26.59617558217223,0,
CID4290,Cycling_Myeloid,0.20666784964571425,0.023702889962346367,2426,26.59617558217223,0,
CID4290,DCs,0.04011701822001268,0.02743242520237526,2426,26.59617558217223,0,
CID4290,Endothelial ACKR1,0.06975868927060232,0.04922348010654704,2426,26.59617558217223,0,
CID4290,Endothelial CXCL12,0.1353781851670606,0.038993731415516715,2426,26.59617558217223,0,
CID4290,Endothelial Lymphatic LYVE1,0.020353055034703502,0.03641440776293067,2426,26.59617558217223,0,
CID4290,Endothelial RGS5,0.23840693708838673,0.024610945510058872,2426,26.59617558217223,0,
CID4290,Luminal Progenitors,0.007308563366148404,0.04440034841086765,2426,26.59617558217223,0,
CID4290,Macrophage,0.43986872538226135,0.03207508293414606,2426,26.59617558217223,0,
CID4290,Mature Luminal,,0.02772437334232548,2426,26.59617558217223,0,
CID4290,Monocyte,0.07306453067191787,0.03581178978612624,2426,26.59617558217223,0,
CID4290,Myoepithelial,,0.042930817553873714,2426,26.59617558217223,0,
CID4290,NK cells,,0.029222284118937476,2426,26.59617558217223,0,
CID4290,NKT cells,0.033373192845894614,0.034660126173839394,2426,26.59617558217223,0,
CID4290,PVL Differentiated,0.09249580675432366,0.05007786078023481,2426,26.59617558217223,0,
CID4290,PVL Immature,0.047263008874565506,0.035057184156704335,2426,26.59617558217223,0,
CID4290,Plasmablasts,0.1721891243498432,0.050936449144329564,2426,26.59617558217223,0,
CID4290,T cells CD4+,,0.02747125261948404,2426,26.59617558217223,0,
CID4290,T cells CD8+,,0.03881061620208291,2426,26.59617558217223,0,
CID4290,__DOMINANT_COMPONENT_AGREEMENT__,,,2426,26.59617558217223,0,0.0053586150041220115
CID4465,B cells Memory,0.04925845263932095,0.0368454268671551,1211,28.867314069918717,0,
CID4465,B cells Naive,-0.05271789339821029,0.03291762588462428,1211,28.867314069918717,0,
CID4465,CAFs MSC iCAF-like,0.06829422554445082,0.050163679596684864,1211,28.867314069918717,0,
CID4465,CAFs myCAF-like,0.5489080639915953,0.40626088212186817,1211,28.867314069918717,0,
CID4465,Cancer Basal SC,0.4154842649048575,0.04427937901061998,1211,28.867314069918717,0,
CID4465,Cancer Cycling,0.7356606500737375,0.06524417729767568,1211,28.867314069918717,0,
CID4465,Cancer Her2 SC,0.04613354245519041,0.032265093134085175,1211,28.867314069918717,0,
CID4465,Cancer LumA SC,0.1230797263645087,0.041989763922281084,1211,28.867314069918717,0,
CID4465,Cancer LumB SC,0.42423552158402417,0.03165360511487779,1211,28.867314069918717,0,
CID4465,Cycling PVL,0.21551722889929734,0.05414890570356368,1211,28.867314069918717,0,
CID4465,Cycling T-cells,0.26100537355607745,0.023570437542839183,1211,28.867314069918717,0,
CID4465,Cycling_Myeloid,0.2731647494672125,0.06697834321965092,1211,28.867314069918717,0,
CID4465,DCs,0.1614452229100082,0.02858176230003869,1211,28.867314069918717,0,
CID4465,Endothelial ACKR1,0.22002345197274384,0.04149721985956476,1211,28.867314069918717,0,
CID4465,Endothelial CXCL12,0.12635810013167315,0.03256020402338428,1211,28.867314069918717,0,
CID4465,Endothelial Lymphatic LYVE1,0.03067346049159719,0.036602795248062474,1211,28.867314069918717,0,
CID4465,Endothelial RGS5,0.49657222308257937,0.017005931989467413,1211,28.867314069918717,0,
CID4465,Luminal Progenitors,0.23896352793202236,0.03885606371074696,1211,28.867314069918717,0,
CID4465,Macrophage,0.5329886862207732,0.1144463499488308,1211,28.867314069918717,0,
CID4465,Mature Luminal,0.06283253595746661,0.0331386129574497,1211,28.867314069918717,0,
CID4465,Monocyte,0.014824477170623598,0.03991576982354299,1211,28.867314069918717,0,
CID4465,Myoepithelial,0.04975185951049946,0.04170995447066221,1211,28.867314069918717,0,
CID4465,NK cells,,0.03267064508077756,1211,28.867314069918717,0,
CID4465,NKT cells,-0.013763261625579375,0.038341638023290076,1211,28.867314069918717,0,
CID4465,PVL Differentiated,,0.04320741393026884,1211,28.867314069918717,0,
CID4465,PVL Immature,0.02840628126374773,0.027559188904103717,1211,28.867314069918717,0,
CID4465,Plasmablasts,0.6380946479882439,0.06318609454798514,1211,28.867314069918717,0,
CID4465,T cells CD4+,,0.03414960402684421,1211,28.867314069918717,0,
CID4465,T cells CD8+,,0.037209261761101425,1211,28.867314069918717,0,
CID4465,__DOMINANT_COMPONENT_AGREEMENT__,,,1211,28.867314069918717,0,0.03303055326176713
CID44971,B cells Memory,0.02801898798190545,0.03699971952421441,1160,28.26804719991497,0,
CID44971,B cells Naive,0.0660685473546747,0.04407512392815922,1160,28.26804719991497,0,
CID44971,CAFs MSC iCAF-like,0.291798541311122,0.03854844480103202,1160,28.26804719991497,0,
CID44971,CAFs myCAF-like,0.6849344365887495,0.15199232703436708,1160,28.26804719991497,0,
CID44971,Cancer Basal SC,0.36195642212344376,0.1800365297497141,1160,28.26804719991497,0,
CID44971,Cancer Cycling,0.6779030642665581,0.030098327989518635,1160,28.26804719991497,0,
CID44971,Cancer Her2 SC,0.03940702365025855,0.031245447372153692,1160,28.26804719991497,0,
CID44971,Cancer LumA SC,0.06647097344796445,0.039624386014082615,1160,28.26804719991497,0,
CID44971,Cancer LumB SC,0.644705771412017,0.04854941247353107,1160,28.26804719991497,0,
CID44971,Cycling PVL,0.15601830696150154,0.09017260589672618,1160,28.26804719991497,0,
CID44971,Cycling T-cells,0.4640104841951666,0.02266712048922706,1160,28.26804719991497,0,
CID44971,Cycling_Myeloid,0.3520122876597492,0.028469383042940066,1160,28.26804719991497,0,
CID44971,DCs,0.23870900683792162,0.028362162184979826,1160,28.26804719991497,0,
CID44971,Endothelial ACKR1,0.3064102324423716,0.05045021698472029,1160,28.26804719991497,0,
CID44971,Endothelial CXCL12,0.18469003694806096,0.038579332612224106,1160,28.26804719991497,0,
CID44971,Endothelial Lymphatic LYVE1,0.18487930594897156,0.03659193033296456,1160,28.26804719991497,0,
CID44971,Endothelial RGS5,0.4167624923794431,0.02809398981516512,1160,28.26804719991497,0,
CID44971,Luminal Progenitors,0.6347750252320002,0.05076987734646212,1160,28.26804719991497,0,
CID44971,Macrophage,0.6247166035256766,0.06385261161555858,1160,28.26804719991497,0,
CID44971,Mature Luminal,0.4622391554496777,0.011203679529187953,1160,28.26804719991497,0,
CID44971,Monocyte,0.055203801889454174,0.03735691641783858,1160,28.26804719991497,0,
CID44971,Myoepithelial,0.5695879124673205,0.073717713071624,1160,28.26804719991497,0,
CID44971,NK cells,0.050569701349868615,0.03192702981980925,1160,28.26804719991497,0,
CID44971,NKT cells,0.05943604004088517,0.03613620087443108,1160,28.26804719991497,0,
CID44971,PVL Differentiated,0.14405000780729937,0.03727638343451799,1160,28.26804719991497,0,
CID44971,PVL Immature,0.08157187676720729,0.0374606236367706,1160,28.26804719991497,0,
CID44971,Plasmablasts,0.6438417710293796,0.03116854047479325,1160,28.26804719991497,0,
CID44971,T cells CD4+,0.015571934173566756,0.03666629330002973,1160,28.26804719991497,0,
CID44971,T cells CD8+,0.11921112754252086,0.04144860761483922,1160,28.26804719991497,0,
CID44971,__DOMINANT_COMPONENT_AGREEMENT__,,,1160,28.26804719991497,0,0.15689655172413794
CID4535,B cells Memory,0.051616842226360184,0.0382388243088757,1125,25.529740583734498,0,
CID4535,B cells Naive,0.054028882086463524,0.03139991924285317,1125,25.529740583734498,0,
CID4535,CAFs MSC iCAF-like,0.12013223046629411,0.0340520446784421,1125,25.529740583734498,0,
CID4535,CAFs myCAF-like,0.6259854702254363,0.09318545922229171,1125,25.529740583734498,0,
CID4535,Cancer Basal SC,-0.05005547867147028,0.03906128926003982,1125,25.529740583734498,0,
CID4535,Cancer Cycling,,0.04182694390569543,1125,25.529740583734498,0,
CID4535,Cancer Her2 SC,,0.039701874202470865,1125,25.529740583734498,0,
CID4535,Cancer LumA SC,,0.042659531192278444,1125,25.529740583734498,0,
CID4535,Cancer LumB SC,0.8044493653701114,0.6105720015067323,1125,25.529740583734498,0,
CID4535,Cycling PVL,0.1187707904998022,0.045497530832431424,1125,25.529740583734498,0,
CID4535,Cycling T-cells,0.44784573488439444,0.02184097682205768,1125,25.529740583734498,0,
CID4535,Cycling_Myeloid,0.2541307616441175,0.03469643999092644,1125,25.529740583734498,0,
CID4535,DCs,0.29143229977177676,0.026116381619884024,1125,25.529740583734498,0,
CID4535,Endothelial ACKR1,0.25826455239090457,0.040743376698514036,1125,25.529740583734498,0,
CID4535,Endothelial CXCL12,0.22402060846372032,0.035017217994706244,1125,25.529740583734498,0,
CID4535,Endothelial Lymphatic LYVE1,0.07892003261182605,0.024325632275257778,1125,25.529740583734498,0,
CID4535,Endothelial RGS5,0.33642102285919673,0.023279879500129316,1125,25.529740583734498,0,
CID4535,Luminal Progenitors,0.051616842226360184,0.04495037391069866,1125,25.529740583734498,0,
CID4535,Macrophage,0.4809343819025117,0.07339429156829795,1125,25.529740583734498,0,
CID4535,Mature Luminal,,0.036312315260563444,1125,25.529740583734498,0,
CID4535,Monocyte,0.021366134972825572,0.035628095142542116,1125,25.529740583734498,0,
CID4535,Myoepithelial,0.17506082593238614,0.025449434635141082,1125,25.529740583734498,0,
CID4535,NK cells,,0.030643687030339796,1125,25.529740583734498,0,
CID4535,NKT cells,0.018413131294701138,0.03900463875203218,1125,25.529740583734498,0,
CID4535,PVL Differentiated,0.01822009450433716,0.0416677763459342,1125,25.529740583734498,0,
CID4535,PVL Immature,0.04111680580736657,0.03244210042688236,1125,25.529740583734498,0,
CID4535,Plasmablasts,0.5868521613958362,0.025559494777716744,1125,25.529740583734498,0,
CID4535,T cells CD4+,,0.03895718484423143,1125,25.529740583734498,0,
CID4535,T cells CD8+,0.009663014218895222,0.03875107460513457,1125,25.529740583734498,0,
CID4535,__DOMINANT_COMPONENT_AGREEMENT__,,,1125,25.529740583734498,0,0.030222222222222223
