section,niche_a,niche_b,co_occurrence_ratio,graph_steps,descriptive
1142243F,N0,N0,2.7256679437799165,first-ring,True
1142243F,N0,N1,0.6896501691440301,first-ring,True
1142243F,N0,N2,1.0199446761559512,first-ring,True
1142243F,N0,N3,1.552804767971589,first-ring,True
1142243F,N0,N4,0.7753011040085097,first-ring,True
1142243F,N0,N5,0.8007612038223484,first-ring,True
1142243F,N0,N6,0.7955784318404522,first-ring,True
1142243F,N0,N7,0.916190905472241,first-ring,True
1142243F,N0,N8,1.3509034388027061,first-ring,True
1142243F,N0,N9,1.064974043967733,first-ring,True
1142243F,N1,N0,0.6896501691440301,first-ring,True
1142243F,N1,N1,1.5395980297912673,first-ring,True
1142243F,N1,N2,0.7063497458751661,first-ring,True
1142243F,N1,N3,0.7929215836450667,first-ring,True
1142243F,N1,N4,0.9141610032339142,first-ring,True
1142243F,N1,N5,0.9487779131396825,first-ring,True
1142243F,N1,N6,1.1076222415876005,first-ring,True
1142243F,N1,N7,0.8058833437188664,first-ring,True
1142243F,N1,N8,0.5926091658861968,first-ring,True
1142243F,N1,N9,0.7883986952358143,first-ring,True
1142243F,N2,N0,1.0199446761559512,first-ring,True
1142243F,N2,N1,0.7063497458751661,first-ring,True
1142243F,N2,N2,1.7370855950776374,first-ring,True
1142243F,N2,N3,0.8663185593837534,first-ring,True
1142243F,N2,N4,1.162379055492817,first-ring,True
1142243F,N2,N5,1.304364574252606,first-ring,True
1142243F,N2,N6,0.5542244347575324,first-ring,True
1142243F,N2,N7,1.0862568687233658,first-ring,True
1142243F,N2,N8,1.421090381323507,first-ring,True
1142243F,N2,N9,1.4755474937100939,first-ring,True
1142243F,N3,N0,1.552804767971589,first-ring,True
1142243F,N3,N1,0.7929215836450667,first-ring,True
1142243F,N3,N2,0.8663185593837534,first-ring,True
1142243F,N3,N3,1.724003746258592,first-ring,True
1142243F,N3,N4,0.8634035021912948,first-ring,True
1142243F,N3,N5,0.6114903738279751,first-ring,True
1142243F,N3,N6,1.0814356173069348,first-ring,True
1142243F,N3,N7,0.9095276988869881,first-ring,True
1142243F,N3,N8,0.9232063421699126,first-ring,True
1142243F,N3,N9,0.7387047232248912,first-ring,True
1142243F,N4,N0,0.7753011040085097,first-ring,True
1142243F,N4,N1,0.9141610032339142,first-ring,True
1142243F,N4,N2,1.162379055492817,first-ring,True
1142243F,N4,N3,0.8634035021912948,first-ring,True
1142243F,N4,N4,1.9537587821014442,first-ring,True
1142243F,N4,N5,1.0118336442144955,first-ring,True
1142243F,N4,N6,0.8243707941356304,first-ring,True
1142243F,N4,N7,1.1629516560127644,first-ring,True
1142243F,N4,N8,1.0525299836236737,first-ring,True
1142243F,N4,N9,0.9740962588824864,first-ring,True
1142243F,N5,N0,0.8007612038223484,first-ring,True
1142243F,N5,N1,0.9487779131396825,first-ring,True
1142243F,N5,N2,1.304364574252606,first-ring,True
1142243F,N5,N3,0.6114903738279751,first-ring,True
1142243F,N5,N4,1.0118336442144955,first-ring,True
1142243F,N5,N5,1.2862292087472398,first-ring,True
1142243F,N5,N6,0.8989586800457086,first-ring,True
1142243F,N5,N7,0.9565654199506785,first-ring,True
1142243F,N5,N8,1.1149682029911798,first-ring,True
1142243F,N5,N9,1.4151519499503433,first-ring,True
1142243F,N6,N0,0.7955784318404522,first-ring,True
1142243F,N6,N1,1.1076222415876005,first-ring,True
1142243F,N6,N2,0.5542244347575324,first-ring,True
1142243F,N6,N3,1.0814356173069348,first-ring,True
1142243F,N6,N4,0.8243707941356304,first-ring,True
1142243F,N6,N5,0.8989586800457086,first-ring,True
1142243F,N6,N6,1.3793072723919704,first-ring,True
1142243F,N6,N7,0.7666077886641891,first-ring,True
1142243F,N6,N8,0.6869756617796919,first-ring,True
1142243F,N6,N9,0.783782833252202,first-ring,True
1142243F,N7,N0,0.916190905472241,first-ring,True
1142243F,N7,N1,0.8058833437188664,first-ring,True
1142243F,N7,N2,1.0862568687233658,first-ring,True
1142243F,N7,N3,0.9095276988869881,first-ring,True
1142243F,N7,N4,1.1629516560127644,first-ring,True
1142243F,N7,N5,0.9565654199506785,first-ring,True
1142243F,N7,N6,0.7666077886641891,first-ring,True
1142243F,N7,N7,2.1844865510867546,first-ring,True
1142243F,N7,N8,1.2092486025088163,first-ring,True
1142243F,N7,N9,1.1902651079639368,first-ring,True
1142243F,N8,N0,1.3509034388027061,first-ring,True
1142243F,N8,N1,0.5926091658861968,first-ring,True
1142243F,N8,N2,1.421090381323507,first-ring,True
1142243F,N8,N3,0.9232063421699126,first-ring,True
1142243F,N8,N4,1.0525299836236737,first-ring,True
1142243F,N8,N5,1.1149682029911798,first-ring,True
1142243F,N8,N6,0.6869756617796919,first-ring,True
1142243F,N8,N7,1.2092486025088163,first-ring,True
1142243F,N8,N8,1.7276375993822923,first-ring,True
1142243F,N8,N9,1.3253010324931787,first-ring,True
1142243F,N9,N0,1.064974043967733,first-ring,True
1142243F,N9,N1,0.7883986952358143,first-ring,True
1142243F,N9,N2,1.4755474937100939,first-ring,True
1142243F,N9,N3,0.7387047232248912,first-ring,True
1142243F,N9,N4,0.9740962588824864,first-ring,True
1142243F,N9,N5,1.4151519499503433,first-ring,True
1142243F,N9,N6,0.783782833252202,first-ring,True
1142243F,N9,N7,1.1902651079639368,first-ring,True
1142243F,N9,N8,1.3253010324931787,first-ring,True
1142243F,N9,N9,1.0704354493214139,first-ring,True
1160920F,N0,N0,2.2676656945060043,first-ring,True
1160920F,N0,N1,0.8230612346702866,first-ring,True
1160920F,N0,N2,0.9487859433986545,first-ring,True
1160920F,N0,N3,0.9537385918727713,first-ring,True
1160920F,N0,N4,0.9010410790971926,first-ring,True
1160920F,N0,N5,0.8214280357748146,first-ring,True
1160920F,N0,N6,0.7647377134417906,first-ring,True
1160920F,N0,N7,0.9589081926473029,first-ring,True
1160920F,N0,N8,1.9279365575275997,first-ring,True
1160920F,N0,N9,0.9370591038841707,first-ring,True
1160920F,N1,N0,0.8230612346702866,first-ring,True
1160920F,N1,N1,1.8015901578117675,first-ring,True
1160920F,N1,N2,0.8960391606993362,first-ring,True
1160920F,N1,N3,0.9894103499482338,first-ring,True
1160920F,N1,N4,0.7363576176933389,first-ring,True
1160920F,N1,N5,0.7809531066261594,first-ring,True
1160920F,N1,N6,0.9471680466258008,first-ring,True
1160920F,N1,N7,0.8338672426911857,first-ring,True
1160920F,N1,N8,0.4691811418858174,first-ring,True
1160920F,N1,N9,0.8792994321371459,first-ring,True
1160920F,N2,N0,0.9487859433986545,first-ring,True
1160920F,N2,N1,0.8960391606993362,first-ring,True
1160920F,N2,N2,1.9039847162861556,first-ring,True
1160920F,N2,N3,0.8063972997677975,first-ring,True
1160920F,N2,N4,1.041220000686285,first-ring,True
1160920F,N2,N5,1.0024103255560608,first-ring,True
1160920F,N2,N6,0.7493904080884766,first-ring,True
1160920F,N2,N7,1.0720721404685978,first-ring,True
1160920F,N2,N8,0.5837253448924519,first-ring,True
1160920F,N2,N9,1.4262012964161477,first-ring,True
1160920F,N3,N0,0.9537385918727713,first-ring,True
1160920F,N3,N1,0.9894103499482338,first-ring,True
1160920F,N3,N2,0.8063972997677975,first-ring,True
1160920F,N3,N3,1.905343540363277,first-ring,True
1160920F,N3,N4,0.3112896792918073,first-ring,True
1160920F,N3,N5,0.45343930162737245,first-ring,True
1160920F,N3,N6,1.563031561882126,first-ring,True
1160920F,N3,N7,0.3404903040749326,first-ring,True
1160920F,N3,N8,0.35344950598624497,first-ring,True
1160920F,N3,N9,0.7025436798695834,first-ring,True
1160920F,N4,N0,0.9010410790971926,first-ring,True
1160920F,N4,N1,0.7363576176933389,first-ring,True
1160920F,N4,N2,1.041220000686285,first-ring,True
1160920F,N4,N3,0.3112896792918073,first-ring,True
1160920F,N4,N4,3.419478877816054,first-ring,True
1160920F,N4,N5,2.2031235633416903,first-ring,True
1160920F,N4,N6,0.29700911703085053,first-ring,True
1160920F,N4,N7,2.0130465170424254,first-ring,True
1160920F,N4,N8,1.459146830979021,first-ring,True
1160920F,N4,N9,1.304324864826801,first-ring,True
1160920F,N5,N0,0.8214280357748146,first-ring,True
1160920F,N5,N1,0.7809531066261594,first-ring,True
1160920F,N5,N2,1.0024103255560608,first-ring,True
1160920F,N5,N3,0.45343930162737245,first-ring,True
1160920F,N5,N4,2.2031235633416903,first-ring,True
1160920F,N5,N5,2.064253402041044,first-ring,True
1160920F,N5,N6,0.2806597490057642,first-ring,True
1160920F,N5,N7,1.5716171799514593,first-ring,True
1160920F,N5,N8,2.1577725791329603,first-ring,True
1160920F,N5,N9,1.084718329351719,first-ring,True
1160920F,N6,N0,0.7647377134417906,first-ring,True
1160920F,N6,N1,0.9471680466258008,first-ring,True
1160920F,N6,N2,0.7493904080884766,first-ring,True
1160920F,N6,N3,1.563031561882126,first-ring,True
1160920F,N6,N4,0.29700911703085053,first-ring,True
1160920F,N6,N5,0.2806597490057642,first-ring,True
1160920F,N6,N6,1.8793367494877482,first-ring,True
1160920F,N6,N7,0.28682710264441513,first-ring,True
1160920F,N6,N8,0.2047315591920948,first-ring,True
1160920F,N6,N9,0.6566060409391973,first-ring,True
1160920F,N7,N0,0.9589081926473029,first-ring,True
1160920F,N7,N1,0.8338672426911857,first-ring,True
1160920F,N7,N2,1.0720721404685978,first-ring,True
1160920F,N7,N3,0.3404903040749326,first-ring,True
1160920F,N7,N4,2.0130465170424254,first-ring,True
1160920F,N7,N5,1.5716171799514593,first-ring,True
1160920F,N7,N6,0.28682710264441513,first-ring,True
1160920F,N7,N7,3.0023995614378576,first-ring,True
1160920F,N7,N8,0.7292356960051449,first-ring,True
1160920F,N7,N9,0.9964049786434376,first-ring,True
1160920F,N8,N0,1.9279365575275997,first-ring,True
1160920F,N8,N1,0.4691811418858174,first-ring,True
1160920F,N8,N2,0.5837253448924519,first-ring,True
1160920F,N8,N3,0.35344950598624497,first-ring,True
1160920F,N8,N4,1.459146830979021,first-ring,True
1160920F,N8,N5,2.1577725791329603,first-ring,True
1160920F,N8,N6,0.2047315591920948,first-ring,True
1160920F,N8,N7,0.7292356960051449,first-ring,True
1160920F,N8,N8,4.178403452684494,first-ring,True
1160920F,N8,N9,1.2931521456199397,first-ring,True
1160920F,N9,N0,0.9370591038841707,first-ring,True
1160920F,N9,N1,0.8792994321371459,first-ring,True
1160920F,N9,N2,1.4262012964161477,first-ring,True
1160920F,N9,N3,0.7025436798695834,first-ring,True
1160920F,N9,N4,1.304324864826801,first-ring,True
1160920F,N9,N5,1.084718329351719,first-ring,True
1160920F,N9,N6,0.6566060409391973,first-ring,True
1160920F,N9,N7,0.9964049786434376,first-ring,True
1160920F,N9,N8,1.2931521456199397,first-ring,True
1160920F,N9,N9,1.9675624742107203,first-ring,True
CID4290,N0,N0,8.230991234547558,first-ring,True
CID4290,N0,N1,0.6450620089770813,first-ring,True
CID4290,N0,N2,0.9184565210850575,first-ring,True
CID4290,N0,N3,1.2310280145511012,first-ring,True
CID4290,N0,N4,0.6695064640541077,first-ring,True
CID4290,N0,N5,0.5612039478100608,first-ring,True
CID4290,N0,N6,0.9992845949682327,first-ring,True
CID4290,N0,N7,0.8169207313687736,first-ring,True
CID4290,N0,N8,1.2805996124524879,first-ring,True
CID4290,N0,N9,0.9702169945190883,first-ring,True
CID4290,N1,N0,0.6450620089770813,first-ring,True
CID4290,N1,N1,1.1815756523056054,first-ring,True
CID4290,N1,N2,0.886785606564883,first-ring,True
CID4290,N1,N3,0.9452031192185466,first-ring,True
CID4290,N1,N4,0.692592893849077,first-ring,True
CID4290,N1,N5,1.1353091357996632,first-ring,True
CID4290,N1,N6,0.9946280963896297,first-ring,True
CID4290,N1,N7,0.9517327732449011,first-ring,True
CID4290,N1,N8,0.9950406184113582,first-ring,True
CID4290,N1,N9,1.11519194772309,first-ring,True
CID4290,N2,N0,0.9184565210850575,first-ring,True
CID4290,N2,N1,0.886785606564883,first-ring,True
CID4290,N2,N2,1.6459271374246303,first-ring,True
CID4290,N2,N3,1.1282201394489997,first-ring,True
CID4290,N2,N4,0.7601436207401332,first-ring,True
CID4290,N2,N5,0.9643793471393104,first-ring,True
CID4290,N2,N6,1.03760236702624,first-ring,True
CID4290,N2,N7,0.5407518095470969,first-ring,True
CID4290,N2,N8,1.1841308570499298,first-ring,True
CID4290,N2,N9,0.9130080501972648,first-ring,True
CID4290,N3,N0,1.2310280145511012,first-ring,True
CID4290,N3,N1,0.9452031192185466,first-ring,True
CID4290,N3,N2,1.1282201394489997,first-ring,True
CID4290,N3,N3,2.0162385717895024,first-ring,True
CID4290,N3,N4,0.6241528003601197,first-ring,True
CID4290,N3,N5,1.0258566787925842,first-ring,True
CID4290,N3,N6,1.386278681354361,first-ring,True
CID4290,N3,N7,0.4479887881699726,first-ring,True
CID4290,N3,N8,1.0487146933804457,first-ring,True
CID4290,N3,N9,1.0404620959143769,first-ring,True
CID4290,N4,N0,0.6695064640541077,first-ring,True
CID4290,N4,N1,0.692592893849077,first-ring,True
CID4290,N4,N2,0.7601436207401332,first-ring,True
CID4290,N4,N3,0.6241528003601197,first-ring,True
CID4290,N4,N4,2.995160497084166,first-ring,True
CID4290,N4,N5,1.087948004087925,first-ring,True
CID4290,N4,N6,0.519542701935831,first-ring,True
CID4290,N4,N7,1.6184858098922694,first-ring,True
CID4290,N4,N8,1.050316348809716,first-ring,True
CID4290,N4,N9,1.0609975320179503,first-ring,True
CID4290,N5,N0,0.5612039478100608,first-ring,True
CID4290,N5,N1,1.1353091357996632,first-ring,True
CID4290,N5,N2,0.9643793471393104,first-ring,True
CID4290,N5,N3,1.0258566787925842,first-ring,True
CID4290,N5,N4,1.087948004087925,first-ring,True
CID4290,N5,N5,0.5612039478100608,first-ring,True
CID4290,N5,N6,0.9182615197005383,first-ring,True
CID4290,N5,N7,1.1524417460380914,first-ring,True
CID4290,N5,N8,0.9604497093393658,first-ring,True
CID4290,N5,N9,1.078018882798987,first-ring,True
CID4290,N6,N0,0.9992845949682327,first-ring,True
CID4290,N6,N1,0.9946280963896297,first-ring,True
CID4290,N6,N2,1.03760236702624,first-ring,True
CID4290,N6,N3,1.386278681354361,first-ring,True
CID4290,N6,N4,0.519542701935831,first-ring,True
CID4290,N6,N5,0.9182615197005383,first-ring,True
CID4290,N6,N6,1.8638174370142564,first-ring,True
CID4290,N6,N7,0.42122088059657725,first-ring,True
CID4290,N6,N8,0.717969577483978,first-ring,True
CID4290,N6,N9,0.9338252742717339,first-ring,True
CID4290,N7,N0,0.8169207313687736,first-ring,True
CID4290,N7,N1,0.9517327732449011,first-ring,True
CID4290,N7,N2,0.5407518095470969,first-ring,True
CID4290,N7,N3,0.4479887881699726,first-ring,True
CID4290,N7,N4,1.6184858098922694,first-ring,True
CID4290,N7,N5,1.1524417460380914,first-ring,True
CID4290,N7,N6,0.42122088059657725,first-ring,True
CID4290,N7,N7,1.8701917267606882,first-ring,True
CID4290,N7,N8,0.9220708830334503,first-ring,True
CID4290,N7,N9,0.8910963425705387,first-ring,True
CID4290,N8,N0,1.2805996124524879,first-ring,True
CID4290,N8,N1,0.9950406184113582,first-ring,True
CID4290,N8,N2,1.1841308570499298,first-ring,True
CID4290,N8,N3,1.0487146933804457,first-ring,True
CID4290,N8,N4,1.050316348809716,first-ring,True
CID4290,N8,N5,0.9604497093393658,first-ring,True
CID4290,N8,N6,0.717969577483978,first-ring,True
CID4290,N8,N7,0.9220708830334503,first-ring,True
CID4290,N8,N8,1.295496968123076,first-ring,True
CID4290,N8,N9,0.8978667339285521,first-ring,True
CID4290,N9,N0,0.9702169945190883,first-ring,True
CID4290,N9,N1,1.11519194772309,first-ring,True
CID4290,N9,N2,0.9130080501972648,first-ring,True
CID4290,N9,N3,1.0404620959143769,first-ring,True
CID4290,N9,N4,1.0609975320179503,first-ring,True
CID4290,N9,N5,1.078018882798987,first-ring,True
CID4290,N9,N6,0.9338252742717339,first-ring,True
CID4290,N9,N7,0.8910963425705387,first-ring,True
CID4290,N9,N8,0.8978667339285521,first-ring,True
CID4290,N9,N9,1.4288318073708608,first-ring,True
CID4465,N0,N0,24.726369920755356,first-ring,True
CID4465,N0,N1,0.044632436680063815,first-ring,True
CID4465,N0,N2,1.2120769568997725,first-ring,True
CID4465,N0,N3,3.199883166215399,first-ring,True
CID4465,N0,N4,0.0,first-ring,True
CID4465,N0,N5,0.0,first-ring,True
CID4465,N0,N6,0.2676014060687809,first-ring,True
CID4465,N0,N7,0.4484056721380505,first-ring,True
CID4465,N0,N8,2.2077116000674426,first-ring,True
CID4465,N0,N9,0.4415423200134885,first-ring,True
CID4465,N1,N0,0.044632436680063815,first-ring,True
CID4465,N1,N1,1.6763749863515665,first-ring,True
CID4465,N1,N2,0.966160982250793,first-ring,True
CID4465,N1,N3,0.6049007888874531,first-ring,True
CID4465,N1,N4,0.6616102378456519,first-ring,True
CID4465,N1,N5,0.7879341706211266,first-ring,True
CID4465,N1,N6,1.0398778104420061,first-ring,True
CID4465,N1,N7,0.6826681506712352,first-ring,True
CID4465,N1,N8,0.30844201777115526,first-ring,True
CID4465,N1,N9,0.8320761409640467,first-ring,True
CID4465,N2,N0,1.2120769568997725,first-ring,True
CID4465,N2,N1,0.966160982250793,first-ring,True
CID4465,N2,N2,1.863271243547885,first-ring,True
CID4465,N2,N3,1.0267004811386304,first-ring,True
CID4465,N2,N4,0.6844669874257537,first-ring,True
CID4465,N2,N5,0.8391302009306116,first-ring,True
CID4465,N2,N6,0.8500279957478922,first-ring,True
CID4465,N2,N7,0.7686954379509435,first-ring,True
CID4465,N2,N8,0.9999634894423121,first-ring,True
CID4465,N2,N9,1.298653882392613,first-ring,True
CID4465,N3,N0,3.199883166215399,first-ring,True
CID4465,N3,N1,0.6049007888874531,first-ring,True
CID4465,N3,N2,1.0267004811386304,first-ring,True
CID4465,N3,N3,2.710489270205984,first-ring,True
CID4465,N3,N4,0.9240304330247674,first-ring,True
CID4465,N3,N5,0.7552171808375504,first-ring,True
CID4465,N3,N6,1.530050392346206,first-ring,True
CID4465,N3,N7,0.36626076749427317,first-ring,True
CID4465,N3,N8,0.49089116754440776,first-ring,True
CID4465,N3,N9,1.1687884941533517,first-ring,True
CID4465,N4,N0,0.0,first-ring,True
CID4465,N4,N1,0.6616102378456519,first-ring,True
CID4465,N4,N2,0.6844669874257537,first-ring,True
CID4465,N4,N3,0.9240304330247674,first-ring,True
CID4465,N4,N4,5.39017752597781,first-ring,True
CID4465,N4,N5,1.2586953013959172,first-ring,True
CID4465,N4,N6,0.5383510639736652,first-ring,True
CID4465,N4,N7,1.4921734971988905,first-ring,True
CID4465,N4,N8,1.168788494153352,first-ring,True
CID4465,N4,N9,0.7012730964920111,first-ring,True
CID4465,N5,N0,0.0,first-ring,True
CID4465,N5,N1,0.7879341706211266,first-ring,True
CID4465,N5,N2,0.8391302009306116,first-ring,True
CID4465,N5,N3,0.7552171808375504,first-ring,True
CID4465,N5,N4,1.2586953013959172,first-ring,True
CID4465,N5,N5,2.4689792450458374,first-ring,True
CID4465,N5,N6,0.9448388106582339,first-ring,True
CID4465,N5,N7,0.753912833374964,first-ring,True
CID4465,N5,N8,1.8723092608264271,first-ring,True
CID4465,N5,N9,1.299153364655072,first-ring,True
CID4465,N6,N0,0.2676014060687809,first-ring,True
CID4465,N6,N1,1.0398778104420061,first-ring,True
CID4465,N6,N2,0.8500279957478922,first-ring,True
CID4465,N6,N3,1.530050392346206,first-ring,True
CID4465,N6,N4,0.5383510639736652,first-ring,True
CID4465,N6,N5,0.9448388106582339,first-ring,True
CID4465,N6,N6,1.693187078398832,first-ring,True
CID4465,N6,N7,0.5490681699649598,first-ring,True
CID4465,N6,N8,0.27524716052788895,first-ring,True
CID4465,N6,N9,0.860147376649653,first-ring,True
CID4465,N7,N0,0.4484056721380505,first-ring,True
CID4465,N7,N1,0.6826681506712352,first-ring,True
CID4465,N7,N2,0.7686954379509435,first-ring,True
CID4465,N7,N3,0.36626076749427317,first-ring,True
CID4465,N7,N4,1.4921734971988905,first-ring,True
CID4465,N7,N5,0.753912833374964,first-ring,True
CID4465,N7,N6,0.5490681699649598,first-ring,True
CID4465,N7,N7,2.4614185526097576,first-ring,True
CID4465,N7,N8,0.8338972831342827,first-ring,True
CID4465,N7,N9,1.0500928750579857,first-ring,True
CID4465,N8,N0,2.2077116000674426,first-ring,True
CID4465,N8,N1,0.30844201777115526,first-ring,True
CID4465,N8,N2,0.9999634894423121,first-ring,True
CID4465,N8,N3,0.49089116754440776,first-ring,True
CID4465,N8,N4,1.168788494153352,first-ring,True
CID4465,N8,N5,1.8723092608264271,first-ring,True
CID4465,N8,N6,0.27524716052788895,first-ring,True
CID4465,N8,N7,0.8338972831342827,first-ring,True
CID4465,N8,N8,4.506097069423369,first-ring,True
CID4465,N8,N9,1.206356695751138,first-ring,True
CID4465,N9,N0,0.4415423200134885,first-ring,True
CID4465,N9,N1,0.8320761409640467,first-ring,True
CID4465,N9,N2,1.298653882392613,first-ring,True
CID4465,N9,N3,1.1687884941533517,first-ring,True
CID4465,N9,N4,0.7012730964920111,first-ring,True
CID4465,N9,N5,1.299153364655072,first-ring,True
CID4465,N9,N6,0.860147376649653,first-ring,True
CID4465,N9,N7,1.0500928750579857,first-ring,True
CID4465,N9,N8,1.206356695751138,first-ring,True
CID4465,N9,N9,0.7096215857359636,first-ring,True
CID44971,N0,N0,3.142615321090462,first-ring,True
CID44971,N0,N1,0.30833206923906414,first-ring,True
CID44971,N0,N2,0.7592336129714123,first-ring,True
CID44971,N0,N3,2.1677632214868896,first-ring,True
CID44971,N0,N4,1.0213499793544,first-ring,True
CID44971,N0,N5,0.790722564661471,first-ring,True
CID44971,N0,N6,0.8685495887423244,first-ring,True
CID44971,N0,N7,0.8600841931405472,first-ring,True
CID44971,N0,N8,1.4210086669278608,first-ring,True
CID44971,N0,N9,0.2769762655876339,first-ring,True
CID44971,N1,N0,0.30833206923906414,first-ring,True
CID44971,N1,N1,4.520910885236928,first-ring,True
CID44971,N1,N2,0.27786267596617725,first-ring,True
CID44971,N1,N3,0.32720954286594556,first-ring,True
CID44971,N1,N4,0.4342343308450154,first-ring,True
CID44971,N1,N5,0.7327030892670234,first-ring,True
CID44971,N1,N6,0.8732028942492132,first-ring,True
CID44971,N1,N7,0.6065216362005275,first-ring,True
CID44971,N1,N8,0.23236619710770054,first-ring,True
CID44971,N1,N9,0.5661464548174906,first-ring,True
CID44971,N2,N0,0.7592336129714123,first-ring,True
CID44971,N2,N1,0.27786267596617725,first-ring,True
CID44971,N2,N2,2.5371776446958703,first-ring,True
CID44971,N2,N3,0.4987773783952135,first-ring,True
CID44971,N2,N4,0.5405020244725054,first-ring,True
CID44971,N2,N5,0.8490354381615794,first-ring,True
CID44971,N2,N6,0.33677291494007533,first-ring,True
CID44971,N2,N7,0.7792134448917126,first-ring,True
CID44971,N2,N8,1.111656337667459,first-ring,True
CID44971,N2,N9,1.6091585695423156,first-ring,True
CID44971,N3,N0,2.1677632214868896,first-ring,True
CID44971,N3,N1,0.32720954286594556,first-ring,True
CID44971,N3,N2,0.4987773783952135,first-ring,True
CID44971,N3,N3,2.9198443391456066,first-ring,True
CID44971,N3,N4,0.9212993691319282,first-ring,True
CID44971,N3,N5,0.6992784585441579,first-ring,True
CID44971,N3,N6,1.630089666551165,first-ring,True
CID44971,N3,N7,0.5276792052303612,first-ring,True
CID44971,N3,N8,0.7728547137474998,first-ring,True
CID44971,N3,N9,0.9552854874349006,first-ring,True
CID44971,N4,N0,1.0213499793544,first-ring,True
CID44971,N4,N1,0.4342343308450154,first-ring,True
CID44971,N4,N2,0.5405020244725054,first-ring,True
CID44971,N4,N3,0.9212993691319282,first-ring,True
CID44971,N4,N4,6.107672876539312,first-ring,True
CID44971,N4,N5,0.8566161117165935,first-ring,True
CID44971,N4,N6,0.6272858140916787,first-ring,True
CID44971,N4,N7,1.8169278580094061,first-ring,True
CID44971,N4,N8,1.1545695418788868,first-ring,True
CID44971,N4,N9,0.7201382905278482,first-ring,True
CID44971,N5,N0,0.790722564661471,first-ring,True
CID44971,N5,N1,0.7327030892670234,first-ring,True
CID44971,N5,N2,0.8490354381615794,first-ring,True
CID44971,N5,N3,0.6992784585441579,first-ring,True
CID44971,N5,N4,0.8566161117165935,first-ring,True
CID44971,N5,N5,0.8842488895139029,first-ring,True
CID44971,N5,N6,0.944301225514355,first-ring,True
CID44971,N5,N7,0.9467862287393927,first-ring,True
CID44971,N5,N8,1.7877205809737602,first-ring,True
CID44971,N5,N9,0.9292106974552878,first-ring,True
CID44971,N6,N0,0.8685495887423244,first-ring,True
CID44971,N6,N1,0.8732028942492132,first-ring,True
CID44971,N6,N2,0.33677291494007533,first-ring,True
CID44971,N6,N3,1.630089666551165,first-ring,True
CID44971,N6,N4,0.6272858140916787,first-ring,True
CID44971,N6,N5,0.944301225514355,first-ring,True
CID44971,N6,N6,1.863746828219896,first-ring,True
CID44971,N6,N7,0.6272858140916787,first-ring,True
CID44971,N6,N8,0.6400133523486113,first-ring,True
CID44971,N6,N9,0.8222051348546299,first-ring,True
CID44971,N7,N0,0.8600841931405472,first-ring,True
CID44971,N7,N1,0.6065216362005275,first-ring,True
CID44971,N7,N2,0.7792134448917126,first-ring,True
CID44971,N7,N3,0.5276792052303612,first-ring,True
CID44971,N7,N4,1.8169278580094061,first-ring,True
CID44971,N7,N5,0.9467862287393927,first-ring,True
CID44971,N7,N6,0.6272858140916787,first-ring,True
CID44971,N7,N7,2.059675304626047,first-ring,True
CID44971,N7,N8,0.9236556335031094,first-ring,True
CID44971,N7,N9,0.686974027148276,first-ring,True
CID44971,N8,N0,1.4210086669278608,first-ring,True
CID44971,N8,N1,0.23236619710770054,first-ring,True
CID44971,N8,N2,1.111656337667459,first-ring,True
CID44971,N8,N3,0.7728547137474998,first-ring,True
CID44971,N8,N4,1.1545695418788868,first-ring,True
CID44971,N8,N5,1.7877205809737602,first-ring,True
CID44971,N8,N6,0.6400133523486113,first-ring,True
CID44971,N8,N7,0.9236556335031094,first-ring,True
CID44971,N8,N8,2.5380450451041963,first-ring,True
CID44971,N8,N9,1.4715869415134288,first-ring,True
CID44971,N9,N0,0.2769762655876339,first-ring,True
CID44971,N9,N1,0.5661464548174906,first-ring,True
CID44971,N9,N2,1.6091585695423156,first-ring,True
CID44971,N9,N3,0.9552854874349006,first-ring,True
CID44971,N9,N4,0.7201382905278482,first-ring,True
CID44971,N9,N5,0.9292106974552878,first-ring,True
CID44971,N9,N6,0.8222051348546299,first-ring,True
CID44971,N9,N7,0.686974027148276,first-ring,True
CID44971,N9,N8,1.4715869415134288,first-ring,True
CID44971,N9,N9,1.3426307111536153,first-ring,True
CID4535,N0,N0,5.726479580929154,first-ring,True
CID4535,N0,N1,0.8525889184982103,first-ring,True
CID4535,N0,N2,1.7019257495768465,first-ring,True
CID4535,N0,N3,0.6686136873337611,first-ring,True
CID4535,N0,N4,1.2168769109474453,first-ring,True
CID4535,N0,N5,0.5408341826433091,first-ring,True
CID4535,N0,N6,0.180278060881103,first-ring,True
CID4535,N0,N7,0.9159288577023782,first-ring,True
CID4535,N0,N8,2.323128648172396,first-ring,True
CID4535,N0,N9,1.6593776058374254,first-ring,True
CID4535,N1,N0,0.8525889184982103,first-ring,True
CID4535,N1,N1,1.5106671051560647,first-ring,True
CID4535,N1,N2,0.9122105211903928,first-ring,True
CID4535,N1,N3,1.158362566590975,first-ring,True
CID4535,N1,N4,0.7905824516983403,first-ring,True
CID4535,N1,N5,0.6148974624320425,first-ring,True
CID4535,N1,N6,0.9890414210547138,first-ring,True
CID4535,N1,N7,1.105115255062196,first-ring,True
CID4535,N1,N8,0.6827757537394756,first-ring,True
CID4535,N1,N9,1.2876911145086605,first-ring,True
CID4535,N2,N0,1.7019257495768465,first-ring,True
CID4535,N2,N1,0.9122105211903928,first-ring,True
CID4535,N2,N2,1.8614069037329983,first-ring,True
CID4535,N2,N3,0.9697236276435108,first-ring,True
CID4535,N2,N4,0.9403139766412077,first-ring,True
CID4535,N2,N5,1.1251620233313595,first-ring,True
CID4535,N2,N6,0.4322050946764906,first-ring,True
CID4535,N2,N7,1.4621921224859142,first-ring,True
CID4535,N2,N8,1.0520995542838687,first-ring,True
CID4535,N2,N9,1.0520995542838687,first-ring,True
CID4535,N3,N0,0.6686136873337611,first-ring,True
CID4535,N3,N1,1.158362566590975,first-ring,True
CID4535,N3,N2,0.9697236276435108,first-ring,True
CID4535,N3,N3,1.8985689759015814,first-ring,True
CID4535,N3,N4,0.22732865369347882,first-ring,True
CID4535,N3,N5,0.45465730738695764,first-ring,True
CID4535,N3,N6,1.0496409442143344,first-ring,True
CID4535,N3,N7,1.0510894740666223,first-ring,True
CID4535,N3,N8,0.6613197198355747,first-ring,True
CID4535,N3,N9,1.136643268467394,first-ring,True
CID4535,N4,N0,1.2168769109474453,first-ring,True
CID4535,N4,N1,0.7905824516983403,first-ring,True
CID4535,N4,N2,0.9403139766412077,first-ring,True
CID4535,N4,N3,0.22732865369347882,first-ring,True
CID4535,N4,N4,10.343453743053287,first-ring,True
CID4535,N4,N5,1.1492726381170317,first-ring,True
CID4535,N4,N6,0.6384847989539066,first-ring,True
CID4535,N4,N7,0.5560996636050154,first-ring,True
CID4535,N4,N8,1.3164395672976907,first-ring,True
CID4535,N4,N9,0.7052354824809058,first-ring,True
CID4535,N5,N0,0.5408341826433091,first-ring,True
CID4535,N5,N1,0.6148974624320425,first-ring,True
CID4535,N5,N2,1.1251620233313595,first-ring,True
CID4535,N5,N3,0.45465730738695764,first-ring,True
CID4535,N5,N4,1.1492726381170317,first-ring,True
CID4535,N5,N5,2.860411899313501,first-ring,True
CID4535,N5,N6,0.7378046565689587,first-ring,True
CID4535,N5,N7,0.84032838055869,first-ring,True
CID4535,N5,N8,2.0477948824630743,first-ring,True
CID4535,N5,N9,1.3582312995928556,first-ring,True
CID4535,N6,N0,0.180278060881103,first-ring,True
CID4535,N6,N1,0.9890414210547138,first-ring,True
CID4535,N6,N2,0.4322050946764906,first-ring,True
CID4535,N6,N3,1.0496409442143344,first-ring,True
CID4535,N6,N4,0.6384847989539066,first-ring,True
CID4535,N6,N5,0.7378046565689587,first-ring,True
CID4535,N6,N6,1.642088312568862,first-ring,True
CID4535,N6,N7,0.4338950461708268,first-ring,True
CID4535,N6,N8,0.3482644357930399,first-ring,True
CID4535,N6,N9,0.7429641296918186,first-ring,True
CID4535,N7,N0,0.9159288577023782,first-ring,True
CID4535,N7,N1,1.105115255062196,first-ring,True
CID4535,N7,N2,1.4621921224859142,first-ring,True
CID4535,N7,N3,1.0510894740666223,first-ring,True
CID4535,N7,N4,0.5560996636050154,first-ring,True
CID4535,N7,N5,0.84032838055869,first-ring,True
CID4535,N7,N6,0.4338950461708268,first-ring,True
CID4535,N7,N7,2.487499570534262,first-ring,True
CID4535,N7,N8,0.9302030736665711,first-ring,True
CID4535,N7,N9,0.9605357825904811,first-ring,True
CID4535,N8,N0,2.323128648172396,first-ring,True
CID4535,N8,N1,0.6827757537394756,first-ring,True
CID4535,N8,N2,1.0520995542838687,first-ring,True
CID4535,N8,N3,0.6613197198355747,first-ring,True
CID4535,N8,N4,1.3164395672976907,first-ring,True
CID4535,N8,N5,2.0477948824630743,first-ring,True
CID4535,N8,N6,0.3482644357930399,first-ring,True
CID4535,N8,N7,0.9302030736665711,first-ring,True
CID4535,N8,N8,3.0431979607660904,first-ring,True
CID4535,N8,N9,1.2822463317834651,first-ring,True
CID4535,N9,N0,1.6593776058374254,first-ring,True
CID4535,N9,N1,1.2876911145086605,first-ring,True
CID4535,N9,N2,1.0520995542838687,first-ring,True
CID4535,N9,N3,1.136643268467394,first-ring,True
CID4535,N9,N4,0.7052354824809058,first-ring,True
CID4535,N9,N5,1.3582312995928556,first-ring,True
CID4535,N9,N6,0.7429641296918186,first-ring,True
CID4535,N9,N7,0.9605357825904811,first-ring,True
CID4535,N9,N8,1.2822463317834651,first-ring,True
CID4535,N9,N9,1.0685386098195544,first-ring,True
