section,niche_a,niche_b,observed_edges,expected_edges_independence,enrichment_ratio,descriptive
1142243F,N0,N0,21,7.704533506336618,2.7256679437799165,True
1142243F,N0,N1,89,129.05093623113834,0.6896501691440301,True
1142243F,N0,N2,95,93.14230685339089,1.0199446761559512,True
1142243F,N0,N3,94,60.53562040693056,1.552804767971589,True
1142243F,N0,N4,16,20.63714332054451,0.7753011040085097,True
1142243F,N0,N5,13,16.234552745495016,0.8007612038223484,True
1142243F,N0,N6,147,184.77122319660853,0.7955784318404522,True
1142243F,N0,N7,30,32.74426740193062,0.916190905472241,True
1142243F,N0,N8,92,68.1025729577969,1.3509034388027061,True
1142243F,N0,N9,40,37.55960084339101,1.064974043967733,True
1142243F,N1,N0,89,129.05093623113834,0.6896501691440301,True
1142243F,N1,N1,832,540.400795467892,1.5395980297912673,True
1142243F,N1,N2,551,780.0668198971488,0.7063497458751661,True
1142243F,N1,N3,402,506.9858209080435,0.7929215836450667,True
1142243F,N1,N4,158,172.8360753095603,0.9141610032339142,True
1142243F,N1,N5,129,135.96437924352077,0.9487779131396825,True
1142243F,N1,N6,1714,1547.4589942715968,1.1076222415876005,True
1142243F,N1,N7,221,274.23323949116906,0.8058833437188664,True
1142243F,N1,N8,338,570.359048521549,0.5926091658861968,True
1142243F,N1,N9,248,314.5616570633997,0.7883986952358143,True
1142243F,N2,N0,95,93.14230685339089,1.0199446761559512,True
1142243F,N2,N1,551,780.0668198971488,0.7063497458751661,True
1142243F,N2,N2,489,281.5059899095788,1.7370855950776374,True
1142243F,N2,N3,317,365.9162054954642,0.8663185593837534,True
1142243F,N2,N4,145,124.74416096436282,1.162379055492817,True
1142243F,N2,N5,128,98.13207329196541,1.304364574252606,True
1142243F,N2,N6,619,1116.8760545009286,0.5542244347575324,True
1142243F,N2,N7,215,197.92740206345567,1.0862568687233658,True
1142243F,N2,N8,585,411.6557311823973,1.421090381323507,True
1142243F,N2,N9,335,227.0343729551403,1.4755474937100939,True
1142243F,N3,N0,94,60.53562040693056,1.552804767971589,True
1142243F,N3,N1,402,506.9858209080435,0.7929215836450667,True
1142243F,N3,N2,317,365.9162054954642,0.8663185593837534,True
1142243F,N3,N3,205,118.90925437075647,1.724003746258592,True
1142243F,N3,N4,70,81.07449161642487,0.8634035021912948,True
1142243F,N3,N5,39,63.77860007158757,0.6114903738279751,True
1142243F,N3,N6,785,725.8869482723908,1.0814356173069348,True
1142243F,N3,N7,117,128.63819336472747,0.9095276988869881,True
1142243F,N3,N8,247,267.54582233420206,0.9232063421699126,True
1142243F,N3,N9,109,147.55557474189325,0.7387047232248912,True
1142243F,N4,N0,16,20.63714332054451,0.7753011040085097,True
1142243F,N4,N1,158,172.8360753095603,0.9141610032339142,True
1142243F,N4,N2,145,124.74416096436282,1.162379055492817,True
1142243F,N4,N3,70,81.07449161642487,0.8634035021912948,True
1142243F,N4,N4,27,13.819515616436057,1.9537587821014442,True
1142243F,N4,N5,22,21.7427045698594,1.0118336442144955,True
1142243F,N4,N6,204,247.461459638315,0.8243707941356304,True
1142243F,N4,N7,51,43.85392955615709,1.1629516560127644,True
1142243F,N4,N8,96,91.20880306847798,1.0525299836236737,True
1142243F,N4,N9,49,50.30303684382725,0.9740962588824864,True
1142243F,N5,N0,13,16.234552745495016,0.8007612038223484,True
1142243F,N5,N1,129,135.96437924352077,0.9487779131396825,True
1142243F,N5,N2,128,98.13207329196541,1.304364574252606,True
1142243F,N5,N3,39,63.77860007158757,0.6114903738279751,True
1142243F,N5,N4,22,21.7427045698594,1.0118336442144955,True
1142243F,N5,N5,11,8.552130464144698,1.2862292087472398,True
1142243F,N5,N6,175,194.66968158214115,0.8989586800457086,True
1142243F,N5,N7,33,34.49842458417692,0.9565654199506785,True
1142243F,N5,N8,80,71.750925080536,1.1149682029911798,True
1142243F,N5,N9,56,39.57172231714411,1.4151519499503433,True
1142243F,N6,N0,147,184.77122319660853,0.7955784318404522,True
1142243F,N6,N1,1714,1547.4589942715968,1.1076222415876005,True
1142243F,N6,N2,619,1116.8760545009286,0.5542244347575324,True
1142243F,N6,N3,785,725.8869482723908,1.0814356173069348,True
1142243F,N6,N4,204,247.461459638315,0.8243707941356304,True
1142243F,N6,N5,175,194.66968158214115,0.8989586800457086,True
1142243F,N6,N6,1528,1107.8024676475238,1.3793072723919704,True
1142243F,N6,N7,301,392.63884929279317,0.7666077886641891,True
1142243F,N6,N8,561,816.6228168064396,0.6869756617796919,True
1142243F,N6,N9,353,450.3798565417333,0.783782833252202,True
1142243F,N7,N0,30,32.74426740193062,0.916190905472241,True
1142243F,N7,N1,221,274.23323949116906,0.8058833437188664,True
1142243F,N7,N2,215,197.92740206345567,1.0862568687233658,True
1142243F,N7,N3,117,128.63819336472747,0.9095276988869881,True
1142243F,N7,N4,51,43.85392955615709,1.1629516560127644,True
1142243F,N7,N5,33,34.49842458417692,0.9565654199506785,True
1142243F,N7,N6,301,392.63884929279317,0.7666077886641891,True
1142243F,N7,N7,76,34.79078411455129,2.1844865510867546,True
1142243F,N7,N8,175,144.7179675353184,1.2092486025088163,True
1142243F,N7,N9,95,79.8141517922059,1.1902651079639368,True
1142243F,N8,N0,92,68.1025729577969,1.3509034388027061,True
1142243F,N8,N1,338,570.359048521549,0.5926091658861968,True
1142243F,N8,N2,585,411.6557311823973,1.421090381323507,True
1142243F,N8,N3,247,267.54582233420206,0.9232063421699126,True
1142243F,N8,N4,96,91.20880306847798,1.0525299836236737,True
1142243F,N8,N5,80,71.750925080536,1.1149682029911798,True
1142243F,N8,N6,561,816.6228168064396,0.6869756617796919,True
1142243F,N8,N7,175,144.7179675353184,1.2092486025088163,True
1142243F,N8,N8,260,150.49452506298869,1.7276375993822923,True
1142243F,N8,N9,220,166.00002158462993,1.3253010324931787,True
1142243F,N9,N0,40,37.55960084339101,1.064974043967733,True
1142243F,N9,N1,248,314.5616570633997,0.7883986952358143,True
1142243F,N9,N2,335,227.0343729551403,1.4755474937100939,True
1142243F,N9,N3,109,147.55557474189325,0.7387047232248912,True
1142243F,N9,N4,49,50.30303684382725,0.9740962588824864,True
1142243F,N9,N5,56,39.57172231714411,1.4151519499503433,True
1142243F,N9,N6,353,450.3798565417333,0.783782833252202,True
1142243F,N9,N7,95,79.8141517922059,1.1902651079639368,True
1142243F,N9,N8,220,166.00002158462993,1.3253010324931787,True
1142243F,N9,N9,49,45.77576352788279,1.0704354493214139,True
1160920F,N0,N0,12,5.291785305511763,2.2676656945060043,True
1160920F,N0,N1,67,81.40342076351075,0.8230612346702866,True
1160920F,N0,N2,72,75.88645310457295,0.9487859433986545,True
1160920F,N0,N3,48,50.32825599071826,0.9537385918727713,True
1160920F,N0,N4,14,15.53758238639624,0.9010410790971926,True
1160920F,N0,N5,16,19.47827357135181,0.8214280357748146,True
1160920F,N0,N6,114,149.0707179680335,0.7647377134417906,True
1160920F,N0,N7,61,63.61401484285418,0.9589081926473029,True
1160920F,N0,N8,117,60.68664424831576,1.9279365575275997,True
1160920F,N0,N9,23,24.54487652343754,0.9370591038841707,True
1160920F,N1,N0,67,81.40342076351075,0.8230612346702866,True
1160920F,N1,N1,564,313.0567724043525,1.8015901578117675,True
1160920F,N1,N2,523,583.6798467511303,0.8960391606993362,True
1160920F,N1,N3,383,387.09924554563094,0.9894103499482338,True
1160920F,N1,N4,88,119.50714963153705,0.7363576176933389,True
1160920F,N1,N5,117,149.81693395837615,0.7809531066261594,True
1160920F,N1,N6,1086,1146.575841392428,0.9471680466258008,True
1160920F,N1,N7,408,489.28651841897414,0.8338672426911857,True
1160920F,N1,N8,219,466.7706786333222,0.4691811418858174,True
1160920F,N1,N9,166,188.78665666431215,0.8792994321371459,True
1160920F,N2,N0,72,75.88645310457295,0.9487859433986545,True
1160920F,N2,N1,523,583.6798467511303,0.8960391606993362,True
1160920F,N2,N2,518,272.06100740682007,1.9039847162861556,True
1160920F,N2,N3,291,360.86430359302244,0.8063972997677975,True
1160920F,N2,N4,116,111.40777157905391,1.041220000686285,True
1160920F,N2,N5,140,139.66336582011832,1.0024103255560608,True
1160920F,N2,N6,801,1068.868765004836,0.7493904080884766,True
1160920F,N2,N7,489,456.1260213200395,1.0720721404685978,True
1160920F,N2,N8,254,435.13615131239175,0.5837253448924519,True
1160920F,N2,N9,251,175.9919869872011,1.4262012964161477,True
1160920F,N3,N0,48,50.32825599071826,0.9537385918727713,True
1160920F,N3,N1,383,387.09924554563094,0.9894103499482338,True
1160920F,N3,N2,291,360.86430359302244,0.8063972997677975,True
1160920F,N3,N3,228,119.66345972261203,1.905343540363277,True
1160920F,N3,N4,23,73.88616305020341,0.3112896792918073,True
1160920F,N3,N5,42,92.62540730206659,0.45343930162737245,True
1160920F,N3,N6,1108,708.878839699053,1.563031561882126,True
1160920F,N3,N7,103,302.5049429229342,0.3404903040749326,True
1160920F,N3,N8,102,288.58436147869304,0.35344950598624497,True
1160920F,N3,N9,82,116.7187213401764,0.7025436798695834,True
1160920F,N4,N0,14,15.53758238639624,0.9010410790971926,True
1160920F,N4,N1,88,119.50714963153705,0.7363576176933389,True
1160920F,N4,N2,116,111.40777157905391,1.041220000686285,True
1160920F,N4,N3,23,73.88616305020341,0.3112896792918073,True
1160920F,N4,N4,39,11.40524664533341,3.419478877816054,True
1160920F,N4,N5,63,28.595763328154785,2.2031235633416903,True
1160920F,N4,N6,65,218.8485008466875,0.29700911703085053,True
1160920F,N4,N7,188,93.39078774801996,2.0130465170424254,True
1160920F,N4,N8,130,89.09315857731461,1.459146830979021,True
1160920F,N4,N9,47,36.03396766206787,1.304324864826801,True
1160920F,N5,N0,16,19.47827357135181,0.8214280357748146,True
1160920F,N5,N1,117,149.81693395837615,0.7809531066261594,True
1160920F,N5,N2,140,139.66336582011832,1.0024103255560608,True
1160920F,N5,N3,42,92.62540730206659,0.45343930162737245,True
1160920F,N5,N4,63,28.595763328154785,2.2031235633416903,True
1160920F,N5,N5,37,17.924155999169486,2.064253402041044,True
1160920F,N5,N6,77,274.35355540925315,0.2806597490057642,True
1160920F,N5,N7,184,117.07685710440184,1.5716171799514593,True
1160920F,N5,N8,241,111.68924952083644,2.1577725791329603,True
1160920F,N5,N9,49,45.17301743143292,1.084718329351719,True
1160920F,N6,N0,114,149.0707179680335,0.7647377134417906,True
1160920F,N6,N1,1086,1146.575841392428,0.9471680466258008,True
1160920F,N6,N2,801,1068.868765004836,0.7493904080884766,True
1160920F,N6,N3,1108,708.878839699053,1.563031561882126,True
1160920F,N6,N4,65,218.8485008466875,0.29700911703085053,True
1160920F,N6,N5,77,274.35355540925315,0.2806597490057642,True
1160920F,N6,N6,1973,1049.8384605833849,1.8793367494877482,True
1160920F,N6,N7,257,896.0101665099886,0.28682710264441513,True
1160920F,N6,N8,175,854.7778402635113,0.2047315591920948,True
1160920F,N6,N9,227,345.7171969896947,0.6566060409391973,True
1160920F,N7,N0,61,63.61401484285418,0.9589081926473029,True
1160920F,N7,N1,408,489.28651841897414,0.8338672426911857,True
1160920F,N7,N2,489,456.1260213200395,1.0720721404685978,True
1160920F,N7,N3,103,302.5049429229342,0.3404903040749326,True
1160920F,N7,N4,188,93.39078774801996,2.0130465170424254,True
1160920F,N7,N5,184,117.07685710440184,1.5716171799514593,True
1160920F,N7,N6,257,896.0101665099886,0.28682710264441513,True
1160920F,N7,N7,574,191.1804169479394,3.0023995614378576,True
1160920F,N7,N8,266,364.7654680882809,0.7292356960051449,True
1160920F,N7,N9,147,147.53037484832137,0.9964049786434376,True
1160920F,N8,N0,117,60.68664424831576,1.9279365575275997,True
1160920F,N8,N1,219,466.7706786333222,0.4691811418858174,True
1160920F,N8,N2,254,435.13615131239175,0.5837253448924519,True
1160920F,N8,N3,102,288.58436147869304,0.35344950598624497,True
1160920F,N8,N4,130,89.09315857731461,1.459146830979021,True
1160920F,N8,N5,241,111.68924952083644,2.1577725791329603,True
1160920F,N8,N6,175,854.7778402635113,0.2047315591920948,True
1160920F,N8,N7,266,364.7654680882809,0.7292356960051449,True
1160920F,N8,N8,727,173.98990026511805,4.178403452684494,True
1160920F,N8,N9,182,140.74136644822164,1.2931521456199397,True
1160920F,N9,N0,23,24.54487652343754,0.9370591038841707,True
1160920F,N9,N1,166,188.78665666431215,0.8792994321371459,True
1160920F,N9,N2,251,175.9919869872011,1.4262012964161477,True
1160920F,N9,N3,82,116.7187213401764,0.7025436798695834,True
1160920F,N9,N4,47,36.03396766206787,1.304324864826801,True
1160920F,N9,N5,49,45.17301743143292,1.084718329351719,True
1160920F,N9,N6,227,345.7171969896947,0.6566060409391973,True
1160920F,N9,N7,147,147.53037484832137,0.9964049786434376,True
1160920F,N9,N8,182,140.74136644822164,1.2931521456199397,True
1160920F,N9,N9,56,28.461612138879694,1.9675624742107203,True
CID4290,N0,N0,11,1.336412551847973,8.230991234547558,True
CID4290,N0,N1,25,38.75596400359122,0.6450620089770813,True
CID4290,N0,N2,20,21.77566334481697,0.9184565210850575,True
CID4290,N0,N3,15,12.184937972731518,1.2310280145511012,True
CID4290,N0,N4,4,5.974550231790937,0.6695064640541077,True
CID4290,N0,N5,3,5.345650207391892,0.5612039478100608,True
CID4290,N0,N6,37,37.02648893649384,0.9992845949682327,True
CID4290,N0,N7,28,34.27505132974801,0.8169207313687736,True
CID4290,N0,N8,30,23.426525908864466,1.2805996124524879,True
CID4290,N0,N9,9,9.276275359885929,0.9702169945190883,True
CID4290,N1,N0,25,38.75596400359122,0.6450620089770813,True
CID4290,N1,N1,332,280.98073902603636,1.1815756523056054,True
CID4290,N1,N2,280,315.74711849984607,0.886785606564883,True
CID4290,N1,N3,167,176.681600604607,0.9452031192185466,True
CID4290,N1,N4,60,86.63097836096858,0.692592893849077,True
CID4290,N1,N5,88,77.51192800718243,1.1353091357996632,True
CID4290,N1,N6,534,536.8840895791607,0.9946280963896297,True
CID4290,N1,N7,473,496.9882442813462,0.9517327732449011,True
CID4290,N1,N8,338,339.6846256785348,0.9950406184113582,True
CID4290,N1,N9,150,134.50599271834596,1.11519194772309,True
CID4290,N2,N0,20,21.77566334481697,0.9184565210850575,True
CID4290,N2,N1,280,315.74711849984607,0.886785606564883,True
CID4290,N2,N2,146,88.70380509579853,1.6459271374246303,True
CID4290,N2,N3,112,99.27140642490089,1.1282201394489997,True
CID4290,N2,N4,37,48.67501218253204,0.7601436207401332,True
CID4290,N2,N5,42,43.55132668963394,0.9643793471393104,True
CID4290,N2,N6,313,301.65698339437625,1.03760236702624,True
CID4290,N2,N7,151,279.24085936294705,0.5407518095470969,True
CID4290,N2,N8,226,190.85728461045463,1.1841308570499298,True
CID4290,N2,N9,69,75.57436102024712,0.9130080501972648,True
CID4290,N3,N0,15,12.184937972731518,1.2310280145511012,True
CID4290,N3,N1,167,176.681600604607,0.9452031192185466,True
CID4290,N3,N2,112,99.27140642490089,1.1282201394489997,True
CID4290,N3,N3,56,27.774490967255666,2.0162385717895024,True
CID4290,N3,N4,17,27.23692017434104,0.6241528003601197,True
CID4290,N3,N5,25,24.369875945463036,1.0258566787925842,True
CID4290,N3,N6,234,168.7972289751925,1.386278681354361,True
CID4290,N3,N7,70,156.25391047385122,0.4479887881699726,True
CID4290,N3,N8,112,106.79739752570568,1.0487146933804457,True
CID4290,N3,N9,44,42.28890237595056,1.0404620959143769,True
CID4290,N4,N0,4,5.974550231790937,0.6695064640541077,True
CID4290,N4,N1,60,86.63097836096858,0.692592893849077,True
CID4290,N4,N2,37,48.67501218253204,0.7601436207401332,True
CID4290,N4,N3,17,27.23692017434104,0.6241528003601197,True
CID4290,N4,N4,20,6.677438494354577,2.995160497084166,True
CID4290,N4,N5,13,11.949100463581875,1.087948004087925,True
CID4290,N4,N6,43,82.76509291686857,0.519542701935831,True
CID4290,N4,N7,124,76.61482061943673,1.6184858098922694,True
CID4290,N4,N8,55,52.365175560991155,1.050316348809716,True
CID4290,N4,N9,22,20.73520374562737,1.0609975320179503,True
CID4290,N5,N0,3,5.345650207391892,0.5612039478100608,True
CID4290,N5,N1,88,77.51192800718243,1.1353091357996632,True
CID4290,N5,N2,42,43.55132668963394,0.9643793471393104,True
CID4290,N5,N3,25,24.369875945463036,1.0258566787925842,True
CID4290,N5,N4,13,11.949100463581875,1.087948004087925,True
CID4290,N5,N5,3,5.345650207391892,0.5612039478100608,True
CID4290,N5,N6,68,74.05297787298768,0.9182615197005383,True
CID4290,N5,N7,79,68.55010265949602,1.1524417460380914,True
CID4290,N5,N8,45,46.85305181772893,0.9604497093393658,True
CID4290,N5,N9,20,18.552550719771858,1.078018882798987,True
CID4290,N6,N0,37,37.02648893649384,0.9992845949682327,True
CID4290,N6,N1,534,536.8840895791607,0.9946280963896297,True
CID4290,N6,N2,313,301.65698339437625,1.03760236702624,True
CID4290,N6,N3,234,168.7972289751925,1.386278681354361,True
CID4290,N6,N4,43,82.76509291686857,0.519542701935831,True
CID4290,N6,N5,68,74.05297787298768,0.9182615197005383,True
CID4290,N6,N6,478,256.46288660424403,1.8638174370142564,True
CID4290,N6,N7,200,474.81026989150917,0.42122088059657725,True
CID4290,N6,N8,233,324.5262853845636,0.717969577483978,True
CID4290,N6,N9,120,128.50369689724332,0.9338252742717339,True
CID4290,N7,N0,28,34.27505132974801,0.8169207313687736,True
CID4290,N7,N1,473,496.9882442813462,0.9517327732449011,True
CID4290,N7,N2,151,279.24085936294705,0.5407518095470969,True
CID4290,N7,N3,70,156.25391047385122,0.4479887881699726,True
CID4290,N7,N4,124,76.61482061943673,1.6184858098922694,True
CID4290,N7,N5,79,68.55010265949602,1.1524417460380914,True
CID4290,N7,N6,200,474.81026989150917,0.42122088059657725,True
CID4290,N7,N7,411,219.76356440838433,1.8701917267606882,True
CID4290,N7,N8,277,300.4107440077914,0.9220708830334503,True
CID4290,N7,N9,106,118.95458990912545,0.8910963425705387,True
CID4290,N8,N0,30,23.426525908864466,1.2805996124524879,True
CID4290,N8,N1,338,339.6846256785348,0.9950406184113582,True
CID4290,N8,N2,226,190.85728461045463,1.1841308570499298,True
CID4290,N8,N3,112,106.79739752570568,1.0487146933804457,True
CID4290,N8,N4,55,52.365175560991155,1.050316348809716,True
CID4290,N8,N5,45,46.85305181772893,0.9604497093393658,True
CID4290,N8,N6,233,324.5262853845636,0.717969577483978,True
CID4290,N8,N7,277,300.4107440077914,0.9220708830334503,True
CID4290,N8,N8,133,102.66330471825898,1.295496968123076,True
CID4290,N8,N9,73,81.30382521311786,0.8978667339285521,True
CID4290,N9,N0,9,9.276275359885929,0.9702169945190883,True
CID4290,N9,N1,150,134.50599271834596,1.11519194772309,True
CID4290,N9,N2,69,75.57436102024712,0.9130080501972648,True
CID4290,N9,N3,44,42.28890237595056,1.0404620959143769,True
CID4290,N9,N4,22,20.73520374562737,1.0609975320179503,True
CID4290,N9,N5,20,18.552550719771858,1.078018882798987,True
CID4290,N9,N6,120,128.50369689724332,0.9338252742717339,True
CID4290,N9,N7,106,118.95458990912545,0.8910963425705387,True
CID4290,N9,N8,73,81.30382521311786,0.8978667339285521,True
CID4290,N9,N9,23,16.097066065684405,1.4288318073708608,True
CID4465,N0,N0,18,0.7279677549793012,24.726369920755356,True
CID4465,N0,N1,1,22.40522979214072,0.044632436680063815,True
CID4465,N0,N2,15,12.375451834648121,1.2120769568997725,True
CID4465,N0,N3,22,6.875251019248957,3.199883166215399,True
CID4465,N0,N4,0,2.7501004076995827,0.0,True
CID4465,N0,N5,0,4.206035917658186,0.0,True
CID4465,N0,N6,5,18.684505711135397,0.2676014060687809,True
CID4465,N0,N7,7,15.610864079000573,0.4484056721380505,True
CID4465,N0,N8,20,9.05915428418686,2.2077116000674426,True
CID4465,N0,N9,2,4.52957714209343,0.4415423200134885,True
CID4465,N1,N0,1,22.40522979214072,0.044632436680063815,True
CID4465,N1,N1,289,172.39579590063832,1.6763749863515665,True
CID4465,N1,N2,184,190.44445323319613,0.966160982250793,True
CID4465,N1,N3,64,105.80247401844228,0.6049007888874531,True
CID4465,N1,N4,28,42.320989607376916,0.6616102378456519,True
CID4465,N1,N5,51,64.72621939951763,0.7879341706211266,True
CID4465,N1,N6,299,287.5337823324726,1.0398778104420061,True
CID4465,N1,N7,164,240.2338527712866,0.6826681506712352,True
CID4465,N1,N8,43,139.41031870665338,0.30844201777115526,True
CID4465,N1,N9,58,69.70515935332669,0.8320761409640467,True
CID4465,N2,N0,15,12.375451834648121,1.2120769568997725,True
CID4465,N2,N1,184,190.44445323319613,0.966160982250793,True
CID4465,N2,N2,98,52.59567029725452,1.863271243547885,True
CID4465,N2,N3,60,58.43963366361614,1.0267004811386304,True
CID4465,N2,N4,16,23.375853465446454,0.6844669874257537,True
CID4465,N2,N5,30,35.75130530009457,0.8391302009306116,True
CID4465,N2,N6,135,158.8182985446509,0.8500279957478922,True
CID4465,N2,N7,102,132.69234467150488,0.7686954379509435,True
CID4465,N2,N8,77,77.00281141558833,0.9999634894423121,True
CID4465,N2,N9,50,38.50140570779416,1.298653882392613,True
CID4465,N3,N0,22,6.875251019248957,3.199883166215399,True
CID4465,N3,N1,64,105.80247401844228,0.6049007888874531,True
CID4465,N3,N2,60,58.43963366361614,1.0267004811386304,True
CID4465,N3,N3,44,16.233231573226707,2.710489270205984,True
CID4465,N3,N4,12,12.986585258581366,0.9240304330247674,True
CID4465,N3,N5,15,19.86183627783032,0.7552171808375504,True
CID4465,N3,N6,135,88.23238808036162,1.530050392346206,True
CID4465,N3,N7,27,73.71796926194715,0.36626076749427317,True
CID4465,N3,N8,21,42.779339675326845,0.49089116754440776,True
CID4465,N3,N9,25,21.389669837663423,1.1687884941533517,True
CID4465,N4,N0,0,2.7501004076995827,0.0,True
CID4465,N4,N1,28,42.320989607376916,0.6616102378456519,True
CID4465,N4,N2,16,23.375853465446454,0.6844669874257537,True
CID4465,N4,N3,12,12.986585258581366,0.9240304330247674,True
CID4465,N4,N4,14,2.597317051716273,5.39017752597781,True
CID4465,N4,N5,10,7.944734511132128,1.2586953013959172,True
CID4465,N4,N6,19,35.29295523214464,0.5383510639736652,True
CID4465,N4,N7,44,29.48718770477886,1.4921734971988905,True
CID4465,N4,N8,20,17.111735870130737,1.168788494153352,True
CID4465,N4,N9,6,8.555867935065368,0.7012730964920111,True
CID4465,N5,N0,0,4.206035917658186,0.0,True
CID4465,N5,N1,51,64.72621939951763,0.7879341706211266,True
CID4465,N5,N2,30,35.75130530009457,0.8391302009306116,True
CID4465,N5,N3,15,19.86183627783032,0.7552171808375504,True
CID4465,N5,N4,10,7.944734511132128,1.2586953013959172,True
CID4465,N5,N5,15,6.075385214395157,2.4689792450458374,True
CID4465,N5,N6,51,53.97746094328005,0.9448388106582339,True
CID4465,N5,N7,34,45.09805178377943,0.753912833374964,True
CID4465,N5,N8,49,26.170890154317597,1.8723092608264271,True
CID4465,N5,N9,17,13.085445077158798,1.299153364655072,True
CID4465,N6,N0,5,18.684505711135397,0.2676014060687809,True
CID4465,N6,N1,299,287.5337823324726,1.0398778104420061,True
CID4465,N6,N2,135,158.8182985446509,0.8500279957478922,True
CID4465,N6,N3,135,88.23238808036162,1.530050392346206,True
CID4465,N6,N4,19,35.29295523214464,0.5383510639736652,True
CID4465,N6,N5,51,53.97746094328005,0.9448388106582339,True
CID4465,N6,N6,203,119.89224497978547,1.693187078398832,True
CID4465,N6,N7,110,200.339422347174,0.5490681699649598,True
CID4465,N6,N8,32,116.2591466470647,0.27524716052788895,True
CID4465,N6,N9,50,58.12957332353235,0.860147376649653,True
CID4465,N7,N0,7,15.610864079000573,0.4484056721380505,True
CID4465,N7,N1,164,240.2338527712866,0.6826681506712352,True
CID4465,N7,N2,102,132.69234467150488,0.7686954379509435,True
CID4465,N7,N3,27,73.71796926194715,0.36626076749427317,True
CID4465,N7,N4,44,29.48718770477886,1.4921734971988905,True
CID4465,N7,N5,34,45.09805178377943,0.753912833374964,True
CID4465,N7,N6,110,200.339422347174,0.5490681699649598,True
CID4465,N7,N7,206,83.69157686797529,2.4614185526097576,True
CID4465,N7,N8,81,97.134265380448,0.8338972831342827,True
CID4465,N7,N9,51,48.567132690224,1.0500928750579857,True
CID4465,N8,N0,20,9.05915428418686,2.2077116000674426,True
CID4465,N8,N1,43,139.41031870665338,0.30844201777115526,True
CID4465,N8,N2,77,77.00281141558833,0.9999634894423121,True
CID4465,N8,N3,21,42.779339675326845,0.49089116754440776,True
CID4465,N8,N4,20,17.111735870130737,1.168788494153352,True
CID4465,N8,N5,49,26.170890154317597,1.8723092608264271,True
CID4465,N8,N6,32,116.2591466470647,0.27524716052788895,True
CID4465,N8,N7,81,97.134265380448,0.8338972831342827,True
CID4465,N8,N8,127,28.184035550803568,4.506097069423369,True
CID4465,N8,N9,34,28.184035550803568,1.206356695751138,True
CID4465,N9,N0,2,4.52957714209343,0.4415423200134885,True
CID4465,N9,N1,58,69.70515935332669,0.8320761409640467,True
CID4465,N9,N2,50,38.50140570779416,1.298653882392613,True
CID4465,N9,N3,25,21.389669837663423,1.1687884941533517,True
CID4465,N9,N4,6,8.555867935065368,0.7012730964920111,True
CID4465,N9,N5,17,13.085445077158798,1.299153364655072,True
CID4465,N9,N6,50,58.12957332353235,0.860147376649653,True
CID4465,N9,N7,51,48.567132690224,1.0500928750579857,True
CID4465,N9,N8,34,28.184035550803568,1.206356695751138,True
CID4465,N9,N9,5,7.046008887700892,0.7096215857359636,True
CID44971,N0,N0,5,1.5910315101070152,3.142615321090462,True
CID44971,N0,N1,6,19.459539239001188,0.30833206923906414,True
CID44971,N0,N2,21,27.65947086801427,0.7592336129714123,True
CID44971,N0,N3,26,11.993929845422118,2.1677632214868896,True
CID44971,N0,N4,5,4.895481569560047,1.0213499793544,True
CID44971,N0,N5,3,3.7939982164090367,0.790722564661471,True
CID44971,N0,N6,27,31.0863079667063,0.8685495887423244,True
CID44971,N0,N7,16,18.602829964328183,0.8600841931405472,True
CID44971,N0,N8,20,14.074509512485138,1.4210086669278608,True
CID44971,N0,N9,2,7.22083531510107,0.2769762655876339,True
CID44971,N1,N0,6,19.459539239001188,0.30833206923906414,True
CID44971,N1,N1,269,59.50128344233056,4.520910885236928,True
CID44971,N1,N2,47,169.1483026159334,0.27786267596617725,True
CID44971,N1,N3,24,73.3474940546968,0.32720954286594556,True
CID44971,N1,N4,13,29.93775267538644,0.4342343308450154,True
CID44971,N1,N5,17,23.201758323424492,0.7327030892670234,True
CID44971,N1,N6,166,190.10472948870392,0.8732028942492132,True
CID44971,N1,N7,69,113.76346016646849,0.6065216362005275,True
CID44971,N1,N8,20,86.07103894173602,0.23236619710770054,True
CID44971,N1,N9,25,44.15818519619501,0.5661464548174906,True
CID44971,N2,N0,21,27.65947086801427,0.7592336129714123,True
CID44971,N2,N1,47,169.1483026159334,0.27786267596617725,True
CID44971,N2,N2,305,120.21231569560048,2.5371776446958703,True
CID44971,N2,N3,52,104.25492865636149,0.4987773783952135,True
CID44971,N2,N4,23,42.55303210463734,0.5405020244725054,True
CID44971,N2,N5,28,32.978599881093935,0.8490354381615794,True
CID44971,N2,N6,91,270.2117538644471,0.33677291494007533,True
CID44971,N2,N7,126,161.70152199762188,0.7792134448917126,True
CID44971,N2,N8,136,122.33996730083236,1.111656337667459,True
CID44971,N2,N9,101,62.76572235434006,1.6091585695423156,True
CID44971,N3,N0,26,11.993929845422118,2.1677632214868896,True
CID44971,N3,N1,24,73.3474940546968,0.32720954286594556,True
CID44971,N3,N2,52,104.25492865636149,0.4987773783952135,True
CID44971,N3,N3,66,22.603944708680142,2.9198443391456066,True
CID44971,N3,N4,17,18.45219976218787,0.9212993691319282,True
CID44971,N3,N5,10,14.3004548156956,0.6992784585441579,True
CID44971,N3,N6,191,117.17146848989299,1.630089666551165,True
CID44971,N3,N7,37,70.11835909631392,0.5276792052303612,True
CID44971,N3,N8,41,53.05007431629013,0.7728547137474998,True
CID44971,N3,N9,26,27.216994649227107,0.9552854874349006,True
CID44971,N4,N0,5,4.895481569560047,1.0213499793544,True
CID44971,N4,N1,13,29.93775267538644,0.4342343308450154,True
CID44971,N4,N2,23,42.55303210463734,0.5405020244725054,True
CID44971,N4,N3,17,18.45219976218787,0.9212993691319282,True
CID44971,N4,N4,23,3.7657550535077284,6.107672876539312,True
CID44971,N4,N5,5,5.83692033293698,0.8566161117165935,True
CID44971,N4,N6,30,47.82508917954816,0.6272858140916787,True
CID44971,N4,N7,52,28.61973840665874,1.8169278580094061,True
CID44971,N4,N8,25,21.65309155766944,1.1545695418788868,True
CID44971,N4,N9,8,11.1089774078478,0.7201382905278482,True
CID44971,N5,N0,3,3.7939982164090367,0.790722564661471,True
CID44971,N5,N1,17,23.201758323424492,0.7327030892670234,True
CID44971,N5,N2,28,32.978599881093935,0.8490354381615794,True
CID44971,N5,N3,10,14.3004548156956,0.6992784585441579,True
CID44971,N5,N4,5,5.83692033293698,0.8566161117165935,True
CID44971,N5,N5,2,2.26180662901308,0.8842488895139029,True
CID44971,N5,N6,35,37.06444411414982,0.944301225514355,True
CID44971,N5,N7,21,22.180297265160526,0.9467862287393927,True
CID44971,N5,N8,30,16.781145957193818,1.7877205809737602,True
CID44971,N5,N9,8,8.609457491082045,0.9292106974552878,True
CID44971,N6,N0,27,31.0863079667063,0.8685495887423244,True
CID44971,N6,N1,166,190.10472948870392,0.8732028942492132,True
CID44971,N6,N2,91,270.2117538644471,0.33677291494007533,True
CID44971,N6,N3,191,117.17146848989299,1.630089666551165,True
CID44971,N6,N4,30,47.82508917954816,0.6272858140916787,True
CID44971,N6,N5,35,37.06444411414982,0.944301225514355,True
CID44971,N6,N6,283,151.84465814506538,1.863746828219896,True
CID44971,N6,N7,114,181.735338882283,0.6272858140916787,True
CID44971,N6,N8,88,137.49713139120095,0.6400133523486113,True
CID44971,N6,N9,58,70.54200653983352,0.8222051348546299,True
CID44971,N7,N0,16,18.602829964328183,0.8600841931405472,True
CID44971,N7,N1,69,113.76346016646849,0.6065216362005275,True
CID44971,N7,N2,126,161.70152199762188,0.7792134448917126,True
CID44971,N7,N3,37,70.11835909631392,0.5276792052303612,True
CID44971,N7,N4,52,28.61973840665874,1.8169278580094061,True
CID44971,N7,N5,21,22.180297265160526,0.9467862287393927,True
CID44971,N7,N6,114,181.735338882283,0.6272858140916787,True
CID44971,N7,N7,112,54.37750297265162,2.059675304626047,True
CID44971,N7,N8,76,82.28174791914388,0.9236556335031094,True
CID44971,N7,N9,29,42.21411414982165,0.686974027148276,True
CID44971,N8,N0,20,14.074509512485138,1.4210086669278608,True
CID44971,N8,N1,20,86.07103894173602,0.23236619710770054,True
CID44971,N8,N2,136,122.33996730083236,1.111656337667459,True
CID44971,N8,N3,41,53.05007431629013,0.7728547137474998,True
CID44971,N8,N4,25,21.65309155766944,1.1545695418788868,True
CID44971,N8,N5,30,16.781145957193818,1.7877205809737602,True
CID44971,N8,N6,88,137.49713139120095,0.6400133523486113,True
CID44971,N8,N7,76,82.28174791914388,0.9236556335031094,True
CID44971,N8,N8,79,31.126319114149826,2.5380450451041963,True
CID44971,N8,N9,47,31.938310047562425,1.4715869415134288,True
CID44971,N9,N0,2,7.22083531510107,0.2769762655876339,True
CID44971,N9,N1,25,44.15818519619501,0.5661464548174906,True
CID44971,N9,N2,101,62.76572235434006,1.6091585695423156,True
CID44971,N9,N3,26,27.216994649227107,0.9552854874349006,True
CID44971,N9,N4,8,11.1089774078478,0.7201382905278482,True
CID44971,N9,N5,8,8.609457491082045,0.9292106974552878,True
CID44971,N9,N6,58,70.54200653983352,0.8222051348546299,True
CID44971,N9,N7,29,42.21411414982165,0.686974027148276,True
CID44971,N9,N8,47,31.938310047562425,1.4715869415134288,True
CID44971,N9,N9,11,8.192870838287751,1.3426307111536153,True
CID4535,N0,N0,4,0.6985094320987655,5.726479580929154,True
CID4535,N0,N1,11,12.90188009876543,0.8525889184982103,True
CID4535,N0,N2,20,11.751393975308643,1.7019257495768465,True
CID4535,N0,N3,5,7.478159802469136,0.6686136873337611,True
CID4535,N0,N4,2,1.6435516049382717,1.2168769109474453,True
CID4535,N0,N5,2,3.697991111111111,0.5408341826433091,True
CID4535,N0,N6,6,33.28192,0.180278060881103,True
CID4535,N0,N7,7,7.642514962962963,0.9159288577023782,True
CID4535,N0,N8,21,9.039533827160493,2.323128648172396,True
CID4535,N0,N9,6,3.6158135308641977,1.6593776058374254,True
CID4535,N1,N0,11,12.90188009876543,0.8525889184982103,True
CID4535,N1,N1,90,59.57632869135801,1.5106671051560647,True
CID4535,N1,N2,99,108.52757965432097,0.9122105211903928,True
CID4535,N1,N3,80,69.0630052345679,1.158362566590975,True
CID4535,N1,N4,12,15.178682469135802,0.7905824516983403,True
CID4535,N1,N5,21,34.15203555555556,0.6148974624320425,True
CID4535,N1,N6,304,307.36832,0.9890414210547138,True
CID4535,N1,N7,78,70.58087348148148,1.105115255062196,True
CID4535,N1,N8,57,83.48275358024692,0.6827757537394756,True
CID4535,N1,N9,43,33.39310143209876,1.2876911145086605,True
CID4535,N2,N0,20,11.751393975308643,1.7019257495768465,True
CID4535,N2,N1,99,108.52757965432097,0.9122105211903928,True
CID4535,N2,N2,92,49.424980543209884,1.8614069037329983,True
CID4535,N2,N3,61,62.90452069135803,0.9697236276435108,True
CID4535,N2,N4,13,13.82516938271605,0.9403139766412077,True
CID4535,N2,N5,35,31.106631111111117,1.1251620233313595,True
CID4535,N2,N6,121,279.95968,0.4322050946764906,True
CID4535,N2,N7,94,64.28703762962964,1.4621921224859142,True
CID4535,N2,N8,80,76.03843160493828,1.0520995542838687,True
CID4535,N2,N9,32,30.41537264197531,1.0520995542838687,True
CID4535,N3,N0,5,7.478159802469136,0.6686136873337611,True
CID4535,N3,N1,80,69.0630052345679,1.158362566590975,True
CID4535,N3,N2,61,62.90452069135803,0.9697236276435108,True
CID4535,N3,N3,38,20.015074765432097,1.8985689759015814,True
CID4535,N3,N4,2,8.797835061728394,0.22732865369347882,True
CID4535,N3,N5,9,19.795128888888886,0.45465730738695764,True
CID4535,N3,N6,187,178.15615999999997,1.0496409442143344,True
CID4535,N3,N7,43,40.909933037037035,1.0510894740666223,True
CID4535,N3,N8,32,48.38809283950617,0.6613197198355747,True
CID4535,N3,N9,22,19.35523713580247,1.136643268467394,True
CID4535,N4,N0,2,1.6435516049382717,1.2168769109474453,True
CID4535,N4,N1,12,15.178682469135802,0.7905824516983403,True
CID4535,N4,N2,13,13.82516938271605,0.9403139766412077,True
CID4535,N4,N3,2,8.797835061728394,0.22732865369347882,True
CID4535,N4,N4,10,0.966795061728395,10.343453743053287,True
CID4535,N4,N5,5,4.350577777777778,1.1492726381170317,True
CID4535,N4,N6,25,39.155199999999994,0.6384847989539066,True
CID4535,N4,N7,5,8.991194074074073,0.5560996636050154,True
CID4535,N4,N8,14,10.634745679012347,1.3164395672976907,True
CID4535,N4,N9,3,4.253898271604938,0.7052354824809058,True
CID4535,N5,N0,2,3.697991111111111,0.5408341826433091,True
CID4535,N5,N1,21,34.15203555555556,0.6148974624320425,True
CID4535,N5,N2,35,31.106631111111117,1.1251620233313595,True
CID4535,N5,N3,9,19.795128888888886,0.45465730738695764,True
CID4535,N5,N4,5,4.350577777777778,1.1492726381170317,True
CID4535,N5,N5,14,4.8944,2.860411899313501,True
CID4535,N5,N6,65,88.0992,0.7378046565689587,True
CID4535,N5,N7,17,20.230186666666665,0.84032838055869,True
CID4535,N5,N8,49,23.928177777777783,2.0477948824630743,True
CID4535,N5,N9,13,9.57127111111111,1.3582312995928556,True
CID4535,N6,N0,6,33.28192,0.180278060881103,True
CID4535,N6,N1,304,307.36832,0.9890414210547138,True
CID4535,N6,N2,121,279.95968,0.4322050946764906,True
CID4535,N6,N3,187,178.15615999999997,1.0496409442143344,True
CID4535,N6,N4,25,39.155199999999994,0.6384847989539066,True
CID4535,N6,N5,65,88.0992,0.7378046565689587,True
CID4535,N6,N6,651,396.4464,1.642088312568862,True
CID4535,N6,N7,79,182.07168,0.4338950461708268,True
CID4535,N6,N8,75,215.3536,0.3482644357930399,True
CID4535,N6,N9,64,86.14143999999999,0.7429641296918186,True
CID4535,N7,N0,7,7.642514962962963,0.9159288577023782,True
CID4535,N7,N1,78,70.58087348148148,1.105115255062196,True
CID4535,N7,N2,94,64.28703762962964,1.4621921224859142,True
CID4535,N7,N3,43,40.909933037037035,1.0510894740666223,True
CID4535,N7,N4,5,8.991194074074073,0.5560996636050154,True
CID4535,N7,N5,17,20.230186666666665,0.84032838055869,True
CID4535,N7,N6,79,182.07168,0.4338950461708268,True
CID4535,N7,N7,52,20.904526222222223,2.487499570534262,True
CID4535,N7,N8,46,49.45156740740741,0.9302030736665711,True
CID4535,N7,N9,19,19.780626962962963,0.9605357825904811,True
CID4535,N8,N0,21,9.039533827160493,2.323128648172396,True
CID4535,N8,N1,57,83.48275358024692,0.6827757537394756,True
CID4535,N8,N2,80,76.03843160493828,1.0520995542838687,True
CID4535,N8,N3,32,48.38809283950617,0.6613197198355747,True
CID4535,N8,N4,14,10.634745679012347,1.3164395672976907,True
CID4535,N8,N5,49,23.928177777777783,2.0477948824630743,True
CID4535,N8,N6,75,215.3536,0.3482644357930399,True
CID4535,N8,N7,46,49.45156740740741,0.9302030736665711,True
CID4535,N8,N8,89,29.245550617283953,3.0431979607660904,True
CID4535,N8,N9,30,23.39644049382716,1.2822463317834651,True
CID4535,N9,N0,6,3.6158135308641977,1.6593776058374254,True
CID4535,N9,N1,43,33.39310143209876,1.2876911145086605,True
CID4535,N9,N2,32,30.41537264197531,1.0520995542838687,True
CID4535,N9,N3,22,19.35523713580247,1.136643268467394,True
CID4535,N9,N4,3,4.253898271604938,0.7052354824809058,True
CID4535,N9,N5,13,9.57127111111111,1.3582312995928556,True
CID4535,N9,N6,64,86.14143999999999,0.7429641296918186,True
CID4535,N9,N7,19,19.780626962962963,0.9605357825904811,True
CID4535,N9,N8,30,23.39644049382716,1.2822463317834651,True
CID4535,N9,N9,5,4.679288098765432,1.0685386098195544,True
