resource,release,pathway,full_genes,matched_genes,coverage_fraction,boundary_activity_mean_log2_CPM_plus_1,core_activity_mean_log2_CPM_plus_1,boundary_minus_core,method
MSigDB Hallmark,2024.1.Hs,HALLMARK_ADIPOGENESIS,200,199,0.995,5.267592227042198,5.3196902568397215,-0.05209802979752354,"symbol-aggregated raw counts, unweighted matched-gene mean; descriptive"
MSigDB Hallmark,2024.1.Hs,HALLMARK_ALLOGRAFT_REJECTION,200,196,0.98,4.219177950743749,4.1227875199421185,0.09639043080163034,"symbol-aggregated raw counts, unweighted matched-gene mean; descriptive"
MSigDB Hallmark,2024.1.Hs,HALLMARK_ANDROGEN_RESPONSE,101,99,0.9801980198019802,5.4725497878141764,5.496314190773929,-0.023764402959752573,"symbol-aggregated raw counts, unweighted matched-gene mean; descriptive"
MSigDB Hallmark,2024.1.Hs,HALLMARK_ANGIOGENESIS,36,36,1.0,4.54331845850786,4.5158356774510615,0.0274827810567988,"symbol-aggregated raw counts, unweighted matched-gene mean; descriptive"
MSigDB Hallmark,2024.1.Hs,HALLMARK_APICAL_JUNCTION,200,198,0.99,4.19524654806197,4.195076219800266,0.00017032826170382265,"symbol-aggregated raw counts, unweighted matched-gene mean; descriptive"
MSigDB Hallmark,2024.1.Hs,HALLMARK_APICAL_SURFACE,44,44,1.0,3.8363901139591365,3.918036004807827,-0.08164589084869034,"symbol-aggregated raw counts, unweighted matched-gene mean; descriptive"
MSigDB Hallmark,2024.1.Hs,HALLMARK_APOPTOSIS,161,159,0.9875776397515528,5.165599939588013,5.16100298451042,0.004596955077593279,"symbol-aggregated raw counts, unweighted matched-gene mean; descriptive"
MSigDB Hallmark,2024.1.Hs,HALLMARK_BILE_ACID_METABOLISM,112,112,1.0,3.545481344883271,3.605185309639429,-0.05970396475615791,"symbol-aggregated raw counts, unweighted matched-gene mean; descriptive"
MSigDB Hallmark,2024.1.Hs,HALLMARK_CHOLESTEROL_HOMEOSTASIS,74,74,1.0,5.111391913216507,5.154568875555299,-0.04317696233879165,"symbol-aggregated raw counts, unweighted matched-gene mean; descriptive"
MSigDB Hallmark,2024.1.Hs,HALLMARK_COAGULATION,138,138,1.0,3.68493648289447,3.6801415056102726,0.0047949772841975324,"symbol-aggregated raw counts, unweighted matched-gene mean; descriptive"
MSigDB Hallmark,2024.1.Hs,HALLMARK_COMPLEMENT,200,200,1.0,4.181707205474263,4.197264667811923,-0.015557462337659977,"symbol-aggregated raw counts, unweighted matched-gene mean; descriptive"
MSigDB Hallmark,2024.1.Hs,HALLMARK_DNA_REPAIR,150,149,0.9933333333333333,5.443722732115365,5.5006066628398615,-0.0568839307244966,"symbol-aggregated raw counts, unweighted matched-gene mean; descriptive"
MSigDB Hallmark,2024.1.Hs,HALLMARK_E2F_TARGETS,200,198,0.99,5.011362059480233,5.064605576506485,-0.0532435170262513,"symbol-aggregated raw counts, unweighted matched-gene mean; descriptive"
MSigDB Hallmark,2024.1.Hs,HALLMARK_EPITHELIAL_MESENCHYMAL_TRANSITION,200,200,1.0,4.6177726875638685,4.594136522678638,0.02363616488523057,"symbol-aggregated raw counts, unweighted matched-gene mean; descriptive"
MSigDB Hallmark,2024.1.Hs,HALLMARK_ESTROGEN_RESPONSE_EARLY,200,198,0.99,5.367383168226022,5.424332412424806,-0.05694924419878422,"symbol-aggregated raw counts, unweighted matched-gene mean; descriptive"
MSigDB Hallmark,2024.1.Hs,HALLMARK_ESTROGEN_RESPONSE_LATE,200,197,0.985,4.987263844810676,5.029577574668821,-0.04231372985814463,"symbol-aggregated raw counts, unweighted matched-gene mean; descriptive"
MSigDB Hallmark,2024.1.Hs,HALLMARK_FATTY_ACID_METABOLISM,158,156,0.9873417721518988,4.760712778066659,4.836290476385336,-0.07557769831867667,"symbol-aggregated raw counts, unweighted matched-gene mean; descriptive"
MSigDB Hallmark,2024.1.Hs,HALLMARK_G2M_CHECKPOINT,200,195,0.975,4.896282936867104,4.9587886801773,-0.06250574331019543,"symbol-aggregated raw counts, unweighted matched-gene mean; descriptive"
MSigDB Hallmark,2024.1.Hs,HALLMARK_GLYCOLYSIS,200,198,0.99,4.645703195588819,4.665791788375689,-0.020088592786869697,"symbol-aggregated raw counts, unweighted matched-gene mean; descriptive"
MSigDB Hallmark,2024.1.Hs,HALLMARK_HEDGEHOG_SIGNALING,36,36,1.0,3.370065637425042,3.4063134599631977,-0.03624782253815573,"symbol-aggregated raw counts, unweighted matched-gene mean; descriptive"
MSigDB Hallmark,2024.1.Hs,HALLMARK_HEME_METABOLISM,200,194,0.97,4.223561554408575,4.260372127141718,-0.0368105727331427,"symbol-aggregated raw counts, unweighted matched-gene mean; descriptive"
MSigDB Hallmark,2024.1.Hs,HALLMARK_HYPOXIA,200,200,1.0,4.564969884724,4.5466755396101926,0.018294345113807786,"symbol-aggregated raw counts, unweighted matched-gene mean; descriptive"
MSigDB Hallmark,2024.1.Hs,HALLMARK_IL2_STAT5_SIGNALING,199,198,0.9949748743718593,4.281964255174974,4.225945502961496,0.056018752213478074,"symbol-aggregated raw counts, unweighted matched-gene mean; descriptive"
MSigDB Hallmark,2024.1.Hs,HALLMARK_IL6_JAK_STAT3_SIGNALING,87,87,1.0,4.028372273766861,3.954132795630351,0.07423947813650988,"symbol-aggregated raw counts, unweighted matched-gene mean; descriptive"
MSigDB Hallmark,2024.1.Hs,HALLMARK_INFLAMMATORY_RESPONSE,200,200,1.0,3.4079623852386987,3.334271600851526,0.07369078438717258,"symbol-aggregated raw counts, unweighted matched-gene mean; descriptive"
MSigDB Hallmark,2024.1.Hs,HALLMARK_INTERFERON_ALPHA_RESPONSE,97,96,0.9896907216494846,5.6362810873159015,5.665391506832607,-0.02911041951670512,"symbol-aggregated raw counts, unweighted matched-gene mean; descriptive"
MSigDB Hallmark,2024.1.Hs,HALLMARK_INTERFERON_GAMMA_RESPONSE,200,196,0.98,5.203307754990919,5.151796816248766,0.051510938742152845,"symbol-aggregated raw counts, unweighted matched-gene mean; descriptive"
MSigDB Hallmark,2024.1.Hs,HALLMARK_KRAS_SIGNALING_DN,200,199,0.995,1.9532938067162895,1.9580842212876237,-0.004790414571334223,"symbol-aggregated raw counts, unweighted matched-gene mean; descriptive"
MSigDB Hallmark,2024.1.Hs,HALLMARK_KRAS_SIGNALING_UP,200,199,0.995,3.5461789012327145,3.4932576054207427,0.0529212958119718,"symbol-aggregated raw counts, unweighted matched-gene mean; descriptive"
MSigDB Hallmark,2024.1.Hs,HALLMARK_MITOTIC_SPINDLE,199,199,1.0,5.047549950010784,5.12213367386641,-0.07458372385562573,"symbol-aggregated raw counts, unweighted matched-gene mean; descriptive"
MSigDB Hallmark,2024.1.Hs,HALLMARK_MTORC1_SIGNALING,200,197,0.985,5.609804538553228,5.62617365032664,-0.016369111773411937,"symbol-aggregated raw counts, unweighted matched-gene mean; descriptive"
MSigDB Hallmark,2024.1.Hs,HALLMARK_MYC_TARGETS_V1,200,195,0.975,6.810247867299915,6.846313267542607,-0.036065400242692114,"symbol-aggregated raw counts, unweighted matched-gene mean; descriptive"
MSigDB Hallmark,2024.1.Hs,HALLMARK_MYC_TARGETS_V2,58,57,0.9827586206896551,5.3543140196842085,5.385024008272669,-0.030709988588460746,"symbol-aggregated raw counts, unweighted matched-gene mean; descriptive"
MSigDB Hallmark,2024.1.Hs,HALLMARK_MYOGENESIS,200,198,0.99,3.70990553162359,3.734446547147698,-0.024541015524107923,"symbol-aggregated raw counts, unweighted matched-gene mean; descriptive"
MSigDB Hallmark,2024.1.Hs,HALLMARK_NOTCH_SIGNALING,32,32,1.0,4.468847341245272,4.553779999491628,-0.08493265824635543,"symbol-aggregated raw counts, unweighted matched-gene mean; descriptive"
MSigDB Hallmark,2024.1.Hs,HALLMARK_OXIDATIVE_PHOSPHORYLATION,200,200,1.0,6.531733379536036,6.570903436011244,-0.03917005647520799,"symbol-aggregated raw counts, unweighted matched-gene mean; descriptive"
MSigDB Hallmark,2024.1.Hs,HALLMARK_P53_PATHWAY,200,196,0.98,4.9972915536267095,4.985847909357728,0.011443644268981146,"symbol-aggregated raw counts, unweighted matched-gene mean; descriptive"
MSigDB Hallmark,2024.1.Hs,HALLMARK_PANCREAS_BETA_CELLS,40,40,1.0,1.9722936843344279,1.8952754774949185,0.07701820683950933,"symbol-aggregated raw counts, unweighted matched-gene mean; descriptive"
MSigDB Hallmark,2024.1.Hs,HALLMARK_PEROXISOME,104,104,1.0,4.787385697734919,4.8474061554785255,-0.060020457743606315,"symbol-aggregated raw counts, unweighted matched-gene mean; descriptive"
MSigDB Hallmark,2024.1.Hs,HALLMARK_PI3K_AKT_MTOR_SIGNALING,105,105,1.0,5.161232197641608,5.21972839006669,-0.05849619242508197,"symbol-aggregated raw counts, unweighted matched-gene mean; descriptive"
MSigDB Hallmark,2024.1.Hs,HALLMARK_PROTEIN_SECRETION,96,96,1.0,5.806794749042944,5.8516841489599285,-0.044889399916984374,"symbol-aggregated raw counts, unweighted matched-gene mean; descriptive"
MSigDB Hallmark,2024.1.Hs,HALLMARK_REACTIVE_OXYGEN_SPECIES_PATHWAY,49,49,1.0,5.738893044773288,5.741386807048712,-0.002493762275423528,"symbol-aggregated raw counts, unweighted matched-gene mean; descriptive"
MSigDB Hallmark,2024.1.Hs,HALLMARK_SPERMATOGENESIS,135,133,0.9851851851851852,2.320676417037472,2.3308956734221287,-0.010219256384656816,"symbol-aggregated raw counts, unweighted matched-gene mean; descriptive"
MSigDB Hallmark,2024.1.Hs,HALLMARK_TGF_BETA_SIGNALING,54,54,1.0,5.223410149973541,5.3063035123621445,-0.0828933623886039,"symbol-aggregated raw counts, unweighted matched-gene mean; descriptive"
MSigDB Hallmark,2024.1.Hs,HALLMARK_TNFA_SIGNALING_VIA_NFKB,200,199,0.995,4.474406154609778,4.4312706692679145,0.043135485341863955,"symbol-aggregated raw counts, unweighted matched-gene mean; descriptive"
MSigDB Hallmark,2024.1.Hs,HALLMARK_UNFOLDED_PROTEIN_RESPONSE,113,109,0.9646017699115044,5.933575954064845,5.942713083323928,-0.0091371292590825,"symbol-aggregated raw counts, unweighted matched-gene mean; descriptive"
MSigDB Hallmark,2024.1.Hs,HALLMARK_UV_RESPONSE_DN,144,144,1.0,4.542704900314657,4.515321684951268,0.027383215363388835,"symbol-aggregated raw counts, unweighted matched-gene mean; descriptive"
MSigDB Hallmark,2024.1.Hs,HALLMARK_UV_RESPONSE_UP,158,156,0.9873417721518988,4.732677482162266,4.75417717627993,-0.02149969411766328,"symbol-aggregated raw counts, unweighted matched-gene mean; descriptive"
MSigDB Hallmark,2024.1.Hs,HALLMARK_WNT_BETA_CATENIN_SIGNALING,42,42,1.0,4.1834252111865755,4.267711270273081,-0.0842860590865051,"symbol-aggregated raw counts, unweighted matched-gene mean; descriptive"
MSigDB Hallmark,2024.1.Hs,HALLMARK_XENOBIOTIC_METABOLISM,200,196,0.98,3.9872798324373724,4.027065291734604,-0.03978545929723154,"symbol-aggregated raw counts, unweighted matched-gene mean; descriptive"
