gene,published_support_count,published_support_rank
IFNAR2,18,1
IFNAR1,13,2
MAVS,11,3
CGAS,10,4
IFNB1,10,5
STING1,10,6
IFITM2,9,7
IFITM3,9,8
OAS1,9,9
STAT1,9,10
STAT2,8,11
APOBEC3G,7,12
IFIH1,7,13
IFITM1,7,14
OAS3,7,15
TBK1,7,16
BST2,6,17
IKBKE,6,18
ISG15,6,19
RSAD2,6,20
SAMHD1,6,21
ZBP1,6,22
APOBEC3F,5,23
APOBEC3H,5,24
EIF2AK2,5,25
IFI27,5,26
IFIT1,5,27
IFIT2,5,28
IFNA2,5,29
IRF1,5,30
MX1,5,31
NLRC5,5,32
OAS2,5,33
OASL,5,34
RIGI,5,35
TRIM21,5,36
TRIM5,5,37
C9JQL5,4,38
HERC5,4,39
IFIT3,4,40
ISG20,4,41
MX2,4,42
PLSCR1,4,43
PML,4,44
TLR8,4,45
TRAF3,4,46
TRIM25,4,47
TRIM26,4,48
TRIM56,4,49
TRIM6,4,50
USP18,4,51
ADAR,3,52
AIM2,3,53
APOBEC3A,3,54
APOBEC3B,3,55
CASP1,3,56
CXCL10,3,57
DDX60,3,58
DHX58,3,59
GBP2,3,60
GBP5,3,61
IFI16,3,62
IFI44L,3,63
IFNE,3,64
IL23A,3,65
IRF2,3,66
IRF7,3,67
IRGM,3,68
JAK1,3,69
MYD88,3,70
NLRP1,3,71
PDE12,3,72
PNPT1,3,73
PSMA3,3,74
PSME1,3,75
PSME2,3,76
RNASEL,3,77
RTP4,3,78
SERINC3,3,79
SERINC5,3,80
SHFL,3,81
TLR7,3,82
TRIM11,3,83
TRIM14,3,84
TRIM31,3,85
ZDHHC1,3,86
ZDHHC11,3,87
ACOD1,2,88
APOBEC3D,2,89
AZI2,2,90
B2M,2,91
BATF2,2,92
C1S,2,93
CARD8,2,94
CASP8,2,95
CD74,2,96
CDC37,2,97
CMPK2,2,98
CMTR1,2,99
CNOT7,2,100
CXCL11,2,101
DDX56,2,102
DHX15,2,103
ELMOD2,2,104
EPSTI1,2,105
F2RL1,2,106
FADD,2,107
GBP4,2,108
HELZ2,2,109
HERC6,2,110
IFI30,2,111
IFI35,2,112
IFI44,2,113
IFIT5,2,114
IFNA10,2,115
IFNA14,2,116
IFNA16,2,117
IFNA17,2,118
IFNA21,2,119
IFNA4,2,120
IFNA5,2,121
IFNA6,2,122
IFNA7,2,123
IFNA8,2,124
IFNK,2,125
IFNL1,2,126
IFNL2,2,127
IFNL3,2,128
IFNL4,2,129
IFNLR1,2,130
IFNW1,2,131
IL12B,2,132
IL12RB1,2,133
IL15,2,134
IL23R,2,135
IL4R,2,136
IL6,2,137
IL7,2,138
IRF9,2,139
LAMP3,2,140
LAP3,2,141
LGALS3BP,2,142
LILRB1,2,143
LY6E,2,144
MARCHF2,2,145
MICA,2,146
MICB,2,147
MID2,2,148
MORC3,2,149
MOV10,2,150
MUL1,2,151
NLRP6,2,152
NMI,2,153
OGFR,2,154
PARP12,2,155
PARP14,2,156
PARP9,2,157
PBLD,2,158
PQBP1,2,159
PRF1,2,160
PSMA2,2,161
PSMB2,2,162
PSMB8,2,163
PSMB9,2,164
PTPN1,2,165
PTPN2,2,166
PTPN6,2,167
PYCARD,2,168
PYHIN1,2,169
RELA,2,170
RIPK2,2,171
RNF135,2,172
RNF185,2,173
RNF31,2,174
SAMD9L,2,175
SIN3A,2,176
SLC25A28,2,177
SLFN11,2,178
SMIM30,2,179
SP110,2,180
TANK,2,181
TAP1,2,182
TBKBP1,2,183
TDRD7,2,184
TLR3,2,185
TNFAIP3,2,186
TRAF3IP3,2,187
TRAFD1,2,188
TRIM13,2,189
TRIM15,2,190
TRIM27,2,191
TRIM28,2,192
TRIM32,2,193
TRIM35,2,194
TRIM41,2,195
TRIM65,2,196
TRIM8,2,197
TXNIP,2,198
TYK2,2,199
UBE2K,2,200
UBE2L6,2,201
USP27X,2,202
USP29,2,203
WARS1,2,204
XAF1,2,205
ZNFX1,2,206
ABCC9,1,207
ADRM1,1,208
AGBL4,1,209
AGBL5,1,210
AICDA,1,211
AKAP1,1,212
APOBEC3C,1,213
APOL6,1,214
ARID5B,1,215
ARL4A,1,216
ATAD3A,1,217
ATG12,1,218
ATG5,1,219
ATG7,1,220
AUTS2,1,221
AXL,1,222
AZU1,1,223
BANK1,1,224
BCL2,1,225
BCL2L1,1,226
BNIP3,1,227
BNIP3L,1,228
BPGM,1,229
BPIFA1,1,230
BTG1,1,231
C1QBP,1,232
C1R,1,233
CACTIN,1,234
CALM1,1,235
CAMK2A,1,236
CASP3,1,237
CASP4,1,238
CASP7,1,239
CCL2,1,240
CCL5,1,241
CCL7,1,242
CCRL2,1,243
CD207,1,244
CD274,1,245
CD38,1,246
CD40,1,247
CD47,1,248
CD69,1,249
CD86,1,250
CDC34,1,251
CDKN1A,1,252
CFB,1,253
CFH,1,254
CHMP3,1,255
CIITA,1,256
CLPB,1,257
CMKLR1,1,258
CNP,1,259
CR2,1,260
CSF1,1,261
CSF2RB,1,262
CXCL9,1,263
DCST1,1,264
DDIT4,1,265
DDX58,1,266
DDX60L,1,267
DHX16,1,268
DHX35,1,269
DHX9,1,270
DTX3L,1,271
DUOX1,1,272
DUS2,1,273
EIF2AK4,1,274
EIF4E2,1,275
EIF4E3,1,276
ELF1,1,277
ERCC6,1,278
EXOSC4,1,279
EXOSC5,1,280
FAS,1,281
FCGR1A,1,282
FCN3,1,283
FGL2,1,284
FPR1,1,285
G3BP1,1,286
GARIN5A,1,287
GAS6,1,288
GATA3,1,289
GBP6,1,290
GBP7,1,291
GCH1,1,292
GIGYF2,1,293
GMPR,1,294
GPR18,1,295
GZMA,1,296
HDAC4,1,297
HDAC6,1,298
HIF1A,1,299
HLA-A,1,300
HLA-B,1,301
HLA-C,1,302
HLA-DMA,1,303
HLA-DQA1,1,304
HLA-DRB1,1,305
HLA-G,1,306
HSP90AA1,1,307
HTRA2,1,308
ICAM1,1,309
IDO1,1,310
IFI6,1,311
IFIT1B,1,312
IFNA1,1,313
IFT54,1,314
IL10RA,1,315
IL15RA,1,316
IL18BP,1,317
IL21,1,318
IL2RB,1,319
ILRUN,1,320
IRAK1,1,321
IRF3,1,322
IRF4,1,323
IRF5,1,324
IRF8,1,325
ISOC1,1,326
ITCH,1,327
ITGB7,1,328
JAK2,1,329
KAT2A,1,330
KLHL20,1,331
KLRK1,1,332
LATS2,1,333
LCP2,1,334
LPAR6,1,335
LYSMD2,1,336
LYST,1,337
MAP3K14,1,338
MARCHF1,1,339
MBL2,1,340
METTL3,1,341
METTL7B,1,342
MLKL,1,343
MNDA,1,344
MT2A,1,345
MTHFD2,1,346
MVB12A,1,347
MVP,1,348
MYO1F,1,349
NAMPT,1,350
NCBP1,1,351
NCBP3,1,352
NCK1,1,353
NCOA3,1,354
NCOA7,1,355
NDUFA13,1,356
NDUFAF4,1,357
NFKB1,1,358
NFKBIA,1,359
NLRP9,1,360
NMB,1,361
NMBR,1,362
NOD1,1,363
NT5C2,1,364
NT5C3A,1,365
NUB1,1,366
NUP93,1,367
OPRK1,1,368
OTUD4,1,369
P2RY14,1,370
PCBP2,1,371
PDE4B,1,372
PELI1,1,373
PFKP,1,374
PHB1,1,375
PHB2,1,376
PIM1,1,377
PLA2G10,1,378
PLA2G4A,1,379
PMAIP1,1,380
PNP,1,381
PPARA,1,382
PPM1B,1,383
PRKRA,1,384
PROCR,1,385
PSMA1,1,386
PSMA4,1,387
PSMA5,1,388
PSMA6,1,389
PSMA7,1,390
PSMB1,1,391
PSMB10,1,392
PSMB3,1,393
PSMB4,1,394
PSMB5,1,395
PSMB6,1,396
PSMB7,1,397
PSMC1,1,398
PSMC2,1,399
PSMC3,1,400
PSMC4,1,401
PSMC5,1,402
PSMC6,1,403
PSMD1,1,404
PSMD11,1,405
PSMD12,1,406
PSMD13,1,407
PSMD14,1,408
PSMD2,1,409
PSMD3,1,410
PSMD4,1,411
PSMD6,1,412
PSMD7,1,413
PSMD8,1,414
PTGS2,1,415
PTPN11,1,416
PTPRC,1,417
PYDC5,1,418
RAB2B,1,419
RAPGEF6,1,420
RBCK1,1,421
RBM47,1,422
RIPK1,1,423
RIPK3,1,424
RNASE1,1,425
RNASE2,1,426
RNASE6,1,427
RNF213,1,428
RNF216,1,429
RNF220,1,430
RNF26,1,431
RO60,1,432
RPSA,1,433
SAMD9,1,434
SECTM1,1,435
SELL,1,436
SELP,1,437
SEM1,1,438
SENP7,1,439
SERPING1,1,440
SETD2,1,441
SFTPD,1,442
SKP2,1,443
SLAMF7,1,444
SLFN13,1,445
SMARCA5,1,446
SOCS1,1,447
SOCS3,1,448
SOD2,1,449
SP100,1,450
SPPL2A,1,451
SRI,1,452
SSPN,1,453
ST3GAL5,1,454
ST8SIA4,1,455
STAT3,1,456
STAT4,1,457
SYK,1,458
TAPBP,1,459
TARBP2,1,460
TENT5A,1,461
TLR2,1,462
TLR9,1,463
TMEM120A,1,464
TMEM140,1,465
TNF,1,466
TNFAIP2,1,467
TNFAIP6,1,468
TNFSF10,1,469
TOMM70,1,470
TOR1B,1,471
TPR,1,472
TRAF3IP2,1,473
TRAF6,1,474
TRIM22,1,475
TRIM44,1,476
TRIM52,1,477
TRIM62,1,478
TRIM7,1,479
TTC4,1,480
TTLL12,1,481
UAP1,1,482
UBA7,1,483
UBE2G2,1,484
UBE2N,1,485
UBE2W,1,486
UBL7,1,487
UPP1,1,488
USP17L2,1,489
USP20,1,490
USP44,1,491
USP7,1,492
VAMP5,1,493
VAMP8,1,494
VCAM1,1,495
WNT5A,1,496
XCL1,1,497
YTHDF2,1,498
YTHDF3,1,499
ZC3H12A,1,500
ZCCHC3,1,501
ZDHHC11B,1,502
ZMPSTE24,1,503
ZMYND11,1,504
